Period,Minutes Remaining,Seconds Remaining,Shot Distance,X Location,Y Location,Shot Made Flag,Game Date,Action Type_Frequency,Team Name_Frequency,Home Team_Frequency,Away Team_Frequency,ShotType_2PT Field Goal,ShotType_3PT Field Goal,ShotZoneBasic_Above the Break 3,ShotZoneBasic_Backcourt,ShotZoneBasic_In The Paint (Non-RA),ShotZoneBasic_Left Corner 3,ShotZoneBasic_Mid-Range,ShotZoneBasic_Restricted Area,ShotZoneBasic_Right Corner 3,ShotZoneArea_Back Court(BC),ShotZoneArea_Center(C),ShotZoneArea_Left Side Center(LC),ShotZoneArea_Left Side(L),ShotZoneArea_Right Side Center(RC),ShotZoneArea_Right Side(R),ShotZoneRange_16-24 ft.,ShotZoneRange_24+ ft.,ShotZoneRange_8-16 ft.,ShotZoneRange_Back Court Shot,ShotZoneRange_Less Than 8 ft.,SeasonType_Playoffs,SeasonType_Regular Season,Game ID_Frequency,Game Event ID_Frequency,Player ID_Frequency
3,9,45,0,0,0,0,20020216,0.06596306068601583,0.021108179419525065,0.04221635883905013,0.03430079155672823,1,0,0,0,0,0,0,1,0,0,1,0,0,0,0,0,0,0,0,1,0,1,0.002638522427440633,0.005277044854881266,0.005277044854881266
2,9,27,22,-227,-10,0,19990324,0.5514511873350924,0.036939313984168866,0.03430079155672823,0.029023746701846966,0,1,0,0,0,1,0,0,0,0,0,0,1,0,0,0,1,0,0,0,0,1,0.002638522427440633,0.005277044854881266,0.002638522427440633
4,4,56,2,-10,22,1,20060422,0.1345646437994723,0.036939313984168866,0.029023746701846966,0.047493403693931395,1,0,0,0,0,0,0,1,0,0,1,0,0,0,0,0,0,0,0,1,1,0,0.002638522427440633,0.002638522427440633,0.005277044854881266
1,5,57,8,-79,28,0,20120513,0.0079155672823219,0.0395778364116095,0.036939313984168866,0.03430079155672823,1,0,0,0,1,0,0,0,0,0,0,0,1,0,0,0,0,1,0,0,1,0,0.002638522427440633,0.002638522427440633,0.005277044854881266
4,9,51,24,2,249,0,20090308,0.5514511873350924,0.0395778364116095,0.03430079155672823,0.029023746701846966,0,1,1,0,0,0,0,0,0,0,1,0,0,0,0,0,1,0,0,0,0,1,0.002638522427440633,0.005277044854881266,0.005277044854881266
3,7,35,1,16,3,1,19990304,0.1345646437994723,0.05013192612137203,0.026385224274406333,0.047493403693931395,1,0,0,0,0,0,0,1,0,0,1,0,0,0,0,0,0,0,0,1,0,1,0.002638522427440633,0.005277044854881266,0.002638522427440633
2,5,56,23,233,54,0,20080315,0.5514511873350924,0.018469656992084433,0.023746701846965697,0.013192612137203167,0,1,0,0,0,0,0,0,1,0,0,0,0,0,1,0,1,0,0,0,0,1,0.002638522427440633,0.002638522427440633,0.002638522427440633
4,7,59,17,59,164,0,20070205,0.005277044854881266,0.0395778364116095,0.036939313984168866,0.047493403693931395,1,0,0,0,0,0,1,0,0,0,0,0,0,1,0,1,0,0,0,0,0,1,0.002638522427440633,0.0079155672823219,0.005277044854881266
2,10,12,24,-238,47,0,20170102,0.5514511873350924,0.018469656992084433,0.026385224274406333,0.018469656992084433,0,1,0,0,0,1,0,0,0,0,0,0,1,0,0,0,1,0,0,0,0,1,0.002638522427440633,0.002638522427440633,0.005277044854881266
1,3,46,3,-34,14,0,20150322,0.5514511873350924,0.04221635883905013,0.052770448548812667,0.0395778364116095,1,0,0,0,0,0,0,1,0,0,1,0,0,0,0,0,0,0,0,1,0,1,0.002638522427440633,0.013192612137203167,0.002638522427440633
1,7,23,0,0,0,1,20080415,0.06596306068601583,0.0395778364116095,0.0395778364116095,0.047493403693931395,1,0,0,0,0,0,0,1,0,0,1,0,0,0,0,0,0,0,0,1,0,1,0.002638522427440633,0.002638522427440633,0.002638522427440633
4,3,12,22,-223,13,0,20200122,0.5514511873350924,0.026385224274406333,0.023746701846965697,0.026385224274406333,0,1,0,0,0,1,0,0,0,0,0,0,1,0,0,0,1,0,0,0,0,1,0.002638522427440633,0.002638522427440633,0.002638522427440633
1,10,52,26,-55,262,0,20170601,0.5514511873350924,0.018469656992084433,0.023746701846965697,0.05804749340369393,0,1,1,0,0,0,0,0,0,0,1,0,0,0,0,0,1,0,0,0,1,0,0.002638522427440633,0.002638522427440633,0.002638522427440633
3,3,40,0,0,0,1,20040414,0.1345646437994723,0.018469656992084433,0.04221635883905013,0.010554089709762533,1,0,0,0,0,0,0,1,0,0,1,0,0,0,0,0,0,0,0,1,0,1,0.002638522427440633,0.002638522427440633,0.002638522427440633
1,8,33,25,-193,167,1,20010328,0.5514511873350924,0.0395778364116095,0.047493403693931395,0.04221635883905013,0,1,1,0,0,0,0,0,0,0,0,1,0,0,0,0,1,0,0,0,0,1,0.002638522427440633,0.005277044854881266,0.0079155672823219
2,1,25,26,-129,227,0,20181123,0.5514511873350924,0.0395778364116095,0.047493403693931395,0.05804749340369393,0,1,1,0,0,0,0,0,0,0,0,1,0,0,0,0,1,0,0,0,0,1,0.002638522427440633,0.002638522427440633,0.002638522427440633
1,0,50,0,0,0,1,20090415,0.06596306068601583,0.029023746701846966,0.047493403693931395,0.029023746701846966,1,0,0,0,0,0,0,1,0,0,1,0,0,0,0,0,0,0,0,1,0,1,0.002638522427440633,0.005277044854881266,0.002638522427440633
4,7,13,25,-27,254,0,20090313,0.5514511873350924,0.029023746701846966,0.0316622691292876,0.029023746701846966,0,1,1,0,0,0,0,0,0,0,1,0,0,0,0,0,1,0,0,0,0,1,0.002638522427440633,0.005277044854881266,0.002638522427440633
2,8,53,10,-102,25,1,20050509,0.5514511873350924,0.04221635883905013,0.029023746701846966,0.03430079155672823,1,0,0,0,0,0,1,0,0,0,0,0,1,0,0,0,0,1,0,0,1,0,0.002638522427440633,0.005277044854881266,0.0079155672823219
4,10,8,1,-11,6,1,20140414,0.018469656992084433,0.018469656992084433,0.0316622691292876,0.03430079155672823,1,0,0,0,0,0,0,1,0,0,1,0,0,0,0,0,0,0,0,1,0,1,0.002638522427440633,0.0079155672823219,0.002638522427440633
3,8,14,2,20,0,1,20141102,0.1345646437994723,0.036939313984168866,0.04221635883905013,0.047493403693931395,1,0,0,0,0,0,0,1,0,0,1,0,0,0,0,0,0,0,0,1,0,1,0.002638522427440633,0.005277044854881266,0.005277044854881266
1,3,53,26,-191,183,0,20151208,0.5514511873350924,0.036939313984168866,0.03430079155672823,0.026385224274406333,0,1,1,0,0,0,0,0,0,0,0,1,0,0,0,0,1,0,0,0,0,1,0.002638522427440633,0.005277044854881266,0.005277044854881266
3,7,20,9,77,47,0,20010130,0.5514511873350924,0.018469656992084433,0.03430079155672823,0.0316622691292876,1,0,0,0,1,0,0,0,0,0,0,0,0,0,1,0,0,1,0,0,0,1,0.002638522427440633,0.002638522427440633,0.005277044854881266
2,0,42,11,22,116,1,20020408,0.5514511873350924,0.018469656992084433,0.026385224274406333,0.04221635883905013,1,0,0,0,1,0,0,0,0,0,1,0,0,0,0,0,0,1,0,0,0,1,0.005277044854881266,0.005277044854881266,0.005277044854881266
3,10,30,0,0,0,1,20011108,0.1345646437994723,0.0395778364116095,0.023746701846965697,0.029023746701846966,1,0,0,0,0,0,0,1,0,0,1,0,0,0,0,0,0,0,0,1,0,1,0.002638522427440633,0.005277044854881266,0.005277044854881266
3,8,19,27,200,192,1,20100226,0.5514511873350924,0.05013192612137203,0.04221635883905013,0.04221635883905013,0,1,1,0,0,0,0,0,0,0,0,0,0,1,0,0,1,0,0,0,0,1,0.002638522427440633,0.005277044854881266,0.005277044854881266
1,7,33,2,-5,25,1,20171108,0.005277044854881266,0.0395778364116095,0.052770448548812667,0.036939313984168866,1,0,0,0,0,0,0,1,0,0,1,0,0,0,0,0,0,0,0,1,0,1,0.002638522427440633,0.0079155672823219,0.002638522427440633
4,5,23,4,39,25,1,20121205,0.03430079155672823,0.04221635883905013,0.029023746701846966,0.0316622691292876,1,0,0,0,1,0,0,0,0,0,1,0,0,0,0,0,0,0,0,1,0,1,0.002638522427440633,0.005277044854881266,0.002638522427440633
4,0,42,24,-95,227,0,20091220,0.5514511873350924,0.023746701846965697,0.036939313984168866,0.029023746701846966,0,1,1,0,0,0,0,0,0,0,0,1,0,0,0,0,1,0,0,0,0,1,0.002638522427440633,0.002638522427440633,0.002638522427440633
4,11,41,7,-72,0,0,19971202,0.5514511873350924,0.03430079155672823,0.023746701846965697,0.044854881266490766,1,0,0,0,1,0,0,0,0,0,1,0,0,0,0,0,0,0,0,1,0,1,0.002638522427440633,0.002638522427440633,0.002638522427440633
1,1,13,24,-61,238,0,20060311,0.5514511873350924,0.029023746701846966,0.04221635883905013,0.0316622691292876,0,1,1,0,0,0,0,0,0,0,1,0,0,0,0,0,1,0,0,0,0,1,0.002638522427440633,0.005277044854881266,0.002638522427440633
1,7,20,6,4,62,0,20190223,0.0079155672823219,0.036939313984168866,0.013192612137203167,0.047493403693931395,1,0,0,0,1,0,0,0,0,0,1,0,0,0,0,0,0,0,0,1,0,1,0.002638522427440633,0.0079155672823219,0.002638522427440633
3,9,7,0,0,0,0,20020322,0.1345646437994723,0.03430079155672823,0.03430079155672823,0.021108179419525065,1,0,0,0,0,0,0,1,0,0,1,0,0,0,0,0,0,0,0,1,0,1,0.002638522427440633,0.002638522427440633,0.005277044854881266
4,5,47,13,136,-13,1,20030322,0.5514511873350924,0.0158311345646438,0.029023746701846966,0.010554089709762533,1,0,0,0,0,0,1,0,0,0,0,0,0,0,1,0,0,1,0,0,0,1,0.002638522427440633,0.002638522427440633,0.005277044854881266
3,7,34,0,0,0,1,20060331,0.06596306068601583,0.03430079155672823,0.0316622691292876,0.04221635883905013,1,0,0,0,0,0,0,1,0,0,1,0,0,0,0,0,0,0,0,1,0,1,0.002638522427440633,0.002638522427440633,0.002638522427440633
4,0,54,28,161,235,0,20200210,0.5514511873350924,0.05013192612137203,0.0395778364116095,0.047493403693931395,0,1,1,0,0,0,0,0,0,0,0,0,0,1,0,0,1,0,0,0,0,1,0.002638522427440633,0.002638522427440633,0.002638522427440633
4,5,54,9,-94,-16,0,19990401,0.5514511873350924,0.05013192612137203,0.036939313984168866,0.05804749340369393,1,0,0,0,0,0,1,0,0,0,0,0,1,0,0,0,0,1,0,0,0,1,0.002638522427440633,0.005277044854881266,0.002638522427440633
2,9,30,0,0,0,1,20051104,0.002638522427440633,0.029023746701846966,0.04221635883905013,0.044854881266490766,1,0,0,0,0,0,0,1,0,0,1,0,0,0,0,0,0,0,0,1,0,1,0.002638522427440633,0.002638522427440633,0.005277044854881266
2,1,52,0,-5,8,1,20060221,0.1345646437994723,0.002638522427440633,0.026385224274406333,0.0079155672823219,1,0,0,0,0,0,0,1,0,0,1,0,0,0,0,0,0,0,0,1,0,1,0.002638522427440633,0.010554089709762533,0.005277044854881266
2,6,27,13,-136,-6,1,20001202,0.018469656992084433,0.03430079155672823,0.03430079155672823,0.0316622691292876,1,0,0,0,0,0,1,0,0,0,0,0,1,0,0,0,0,1,0,0,0,1,0.005277044854881266,0.005277044854881266,0.002638522427440633
2,8,41,19,72,184,0,20070223,0.5514511873350924,0.04221635883905013,0.047493403693931395,0.0395778364116095,1,0,0,0,0,0,1,0,0,0,0,0,0,1,0,1,0,0,0,0,0,1,0.002638522427440633,0.005277044854881266,0.0079155672823219
3,11,27,2,23,0,1,20051128,0.06596306068601583,0.044854881266490766,0.052770448548812667,0.04221635883905013,1,0,0,0,0,0,0,1,0,0,1,0,0,0,0,0,0,0,0,1,0,1,0.002638522427440633,0.002638522427440633,0.002638522427440633
4,9,31,18,-145,120,1,20050108,0.5514511873350924,0.044854881266490766,0.03430079155672823,0.036939313984168866,1,0,0,0,0,0,1,0,0,0,0,1,0,0,0,1,0,0,0,0,0,1,0.002638522427440633,0.002638522427440633,0.0079155672823219
3,7,25,0,0,0,0,20080315,0.06596306068601583,0.026385224274406333,0.03430079155672823,0.026385224274406333,1,0,0,0,0,0,0,1,0,0,1,0,0,0,0,0,0,0,0,1,0,1,0.002638522427440633,0.002638522427440633,0.005277044854881266
3,4,16,26,60,260,1,20191028,0.5514511873350924,0.05013192612137203,0.029023746701846966,0.05804749340369393,0,1,1,0,0,0,0,0,0,0,1,0,0,0,0,0,1,0,0,0,0,1,0.002638522427440633,0.005277044854881266,0.002638522427440633
1,9,56,0,0,0,1,20091118,0.1345646437994723,0.023746701846965697,0.047493403693931395,0.029023746701846966,1,0,0,0,0,0,0,1,0,0,1,0,0,0,0,0,0,0,0,1,0,1,0.002638522427440633,0.005277044854881266,0.010554089709762533
1,7,19,4,-8,49,0,20010218,0.018469656992084433,0.026385224274406333,0.047493403693931395,0.029023746701846966,1,0,0,0,1,0,0,0,0,0,1,0,0,0,0,0,0,0,0,1,0,1,0.002638522427440633,0.002638522427440633,0.0079155672823219
4,4,9,23,236,3,1,20110212,0.5514511873350924,0.026385224274406333,0.03430079155672823,0.029023746701846966,0,1,0,0,0,0,0,0,1,0,0,0,0,0,1,0,1,0,0,0,0,1,0.002638522427440633,0.002638522427440633,0.002638522427440633
1,6,33,20,-97,178,0,20091102,0.5514511873350924,0.026385224274406333,0.023746701846965697,0.021108179419525065,1,0,0,0,0,0,1,0,0,0,0,1,0,0,0,1,0,0,0,0,0,1,0.002638522427440633,0.005277044854881266,0.002638522427440633
2,1,57,23,233,41,0,20101208,0.5514511873350924,0.05013192612137203,0.04221635883905013,0.013192612137203167,0,1,0,0,0,0,0,0,1,0,0,0,0,0,1,0,1,0,0,0,0,1,0.002638522427440633,0.005277044854881266,0.005277044854881266
2,5,21,23,236,0,0,20061214,0.5514511873350924,0.018469656992084433,0.023746701846965697,0.018469656992084433,0,1,0,0,0,0,0,0,1,0,0,0,0,0,1,0,1,0,0,0,0,1,0.002638522427440633,0.002638522427440633,0.002638522427440633
3,1,11,14,-141,-5,0,20100329,0.5514511873350924,0.0316622691292876,0.03430079155672823,0.03430079155672823,1,0,0,0,0,0,1,0,0,0,0,0,1,0,0,0,0,1,0,0,0,1,0.002638522427440633,0.005277044854881266,0.002638522427440633
1,10,37,19,-10,198,0,20131111,0.5514511873350924,0.05013192612137203,0.03430079155672823,0.05804749340369393,1,0,0,0,0,0,1,0,0,0,1,0,0,0,0,1,0,0,0,0,0,1,0.002638522427440633,0.002638522427440633,0.005277044854881266
2,6,16,2,25,-6,0,20161205,0.1345646437994723,0.0395778364116095,0.047493403693931395,0.029023746701846966,1,0,0,0,0,0,0,1,0,0,1,0,0,0,0,0,0,0,0,1,0,1,0.002638522427440633,0.005277044854881266,0.002638522427440633
2,11,33,19,79,179,0,20051112,0.5514511873350924,0.021108179419525065,0.002638522427440633,0.03430079155672823,1,0,0,0,0,0,1,0,0,0,0,0,0,1,0,1,0,0,0,0,0,1,0.002638522427440633,0.002638522427440633,0.002638522427440633
2,1,7,12,52,117,1,20050408,0.018469656992084433,0.0395778364116095,0.026385224274406333,0.04221635883905013,1,0,0,0,1,0,0,0,0,0,1,0,0,0,0,0,0,1,0,0,0,1,0.002638522427440633,0.005277044854881266,0.005277044854881266
1,4,1,25,-188,170,0,20130109,0.5514511873350924,0.0316622691292876,0.029023746701846966,0.036939313984168866,0,1,1,0,0,0,0,0,0,0,0,1,0,0,0,0,1,0,0,0,0,1,0.002638522427440633,0.002638522427440633,0.010554089709762533
2,6,45,8,84,7,0,20030125,0.5514511873350924,0.03430079155672823,0.026385224274406333,0.044854881266490766,1,0,0,0,0,0,1,0,0,0,0,0,0,0,1,0,0,1,0,0,0,1,0.002638522427440633,0.002638522427440633,0.005277044854881266
2,9,23,3,-16,28,0,20110130,0.5514511873350924,0.0395778364116095,0.047493403693931395,0.029023746701846966,1,0,0,0,0,0,0,1,0,0,1,0,0,0,0,0,0,0,0,1,0,1,0.002638522427440633,0.005277044854881266,0.002638522427440633
1,3,23,0,0,0,1,20021101,0.1345646437994723,0.026385224274406333,0.03430079155672823,0.03430079155672823,1,0,0,0,0,0,0,1,0,0,1,0,0,0,0,0,0,0,0,1,0,1,0.002638522427440633,0.005277044854881266,0.002638522427440633
4,11,14,17,82,151,1,20030524,0.5514511873350924,0.026385224274406333,0.03430079155672823,0.0395778364116095,1,0,0,0,0,0,1,0,0,0,0,0,0,1,0,1,0,0,0,0,1,0,0.002638522427440633,0.005277044854881266,0.0079155672823219
2,0,53,24,199,141,0,19971210,0.5514511873350924,0.0395778364116095,0.052770448548812667,0.03430079155672823,0,1,1,0,0,0,0,0,0,0,0,0,0,1,0,0,1,0,0,0,0,1,0.002638522427440633,0.002638522427440633,0.002638522427440633
2,8,0,14,-146,11,0,20081126,0.5514511873350924,0.044854881266490766,0.052770448548812667,0.0316622691292876,1,0,0,0,0,0,1,0,0,0,0,0,1,0,0,0,0,1,0,0,0,1,0.002638522427440633,0.005277044854881266,0.010554089709762533
1,8,54,4,-30,36,0,20101214,0.03430079155672823,0.018469656992084433,0.0316622691292876,0.047493403693931395,1,0,0,0,1,0,0,0,0,0,1,0,0,0,0,0,0,0,0,1,0,1,0.002638522427440633,0.002638522427440633,0.002638522427440633
3,8,41,24,5,247,1,20190224,0.5514511873350924,0.018469656992084433,0.026385224274406333,0.04221635883905013,0,1,1,0,0,0,0,0,0,0,1,0,0,0,0,0,1,0,0,0,0,1,0.002638522427440633,0.002638522427440633,0.002638522427440633
3,11,10,12,98,72,0,20020124,0.018469656992084433,0.0395778364116095,0.036939313984168866,0.03430079155672823,1,0,0,0,0,0,1,0,0,0,0,0,0,0,1,0,0,1,0,0,0,1,0.002638522427440633,0.010554089709762533,0.005277044854881266
2,4,49,3,-34,21,1,20161111,0.005277044854881266,0.002638522427440633,0.013192612137203167,0.04221635883905013,1,0,0,0,0,0,0,1,0,0,1,0,0,0,0,0,0,0,0,1,0,1,0.002638522427440633,0.002638522427440633,0.002638522427440633
2,1,29,26,-103,245,0,20070226,0.5514511873350924,0.023746701846965697,0.04221635883905013,0.029023746701846966,0,1,1,0,0,0,0,0,0,0,0,1,0,0,0,0,1,0,0,0,0,1,0.002638522427440633,0.005277044854881266,0.005277044854881266
1,6,44,24,235,58,0,20030401,0.5514511873350924,0.0395778364116095,0.026385224274406333,0.047493403693931395,0,1,0,0,0,0,0,0,1,0,0,0,0,0,1,0,1,0,0,0,0,1,0.002638522427440633,0.005277044854881266,0.005277044854881266
3,5,9,7,-66,31,0,19990421,0.03430079155672823,0.0395778364116095,0.052770448548812667,0.0158311345646438,1,0,0,0,1,0,0,0,0,0,1,0,0,0,0,0,0,0,0,1,0,1,0.002638522427440633,0.002638522427440633,0.002638522427440633
4,2,40,25,-174,180,0,20180213,0.5514511873350924,0.0316622691292876,0.026385224274406333,0.0316622691292876,0,1,1,0,0,0,0,0,0,0,0,1,0,0,0,0,1,0,0,0,0,1,0.002638522427440633,0.002638522427440633,0.0079155672823219
2,7,43,1,-10,0,0,20150209,0.1345646437994723,0.0395778364116095,0.026385224274406333,0.03430079155672823,1,0,0,0,0,0,0,1,0,0,1,0,0,0,0,0,0,0,0,1,0,1,0.002638522427440633,0.010554089709762533,0.002638522427440633
3,6,16,0,0,0,0,20030114,0.1345646437994723,0.0316622691292876,0.036939313984168866,0.0395778364116095,1,0,0,0,0,0,0,1,0,0,1,0,0,0,0,0,0,0,0,1,0,1,0.002638522427440633,0.002638522427440633,0.002638522427440633
1,0,54,17,-174,-6,1,20040110,0.018469656992084433,0.029023746701846966,0.0316622691292876,0.0316622691292876,1,0,0,0,0,0,1,0,0,0,0,0,1,0,0,1,0,0,0,0,0,1,0.002638522427440633,0.002638522427440633,0.0079155672823219
1,3,10,1,12,-5,1,20100312,0.06596306068601583,0.0316622691292876,0.0316622691292876,0.03430079155672823,1,0,0,0,0,0,0,1,0,0,1,0,0,0,0,0,0,0,0,1,0,1,0.002638522427440633,0.0079155672823219,0.002638522427440633
1,2,0,18,-174,61,1,20040317,0.5514511873350924,0.0395778364116095,0.013192612137203167,0.0158311345646438,1,0,0,0,0,0,1,0,0,0,0,0,1,0,0,1,0,0,0,0,0,1,0.002638522427440633,0.002638522427440633,0.0079155672823219
2,4,50,2,25,14,1,20000221,0.1345646437994723,0.0395778364116095,0.026385224274406333,0.03430079155672823,1,0,0,0,0,0,0,1,0,0,1,0,0,0,0,0,0,0,0,1,0,1,0.002638522427440633,0.002638522427440633,0.002638522427440633
4,0,13,24,28,244,0,20160329,0.5514511873350924,0.021108179419525065,0.047493403693931395,0.0158311345646438,0,1,1,0,0,0,0,0,0,0,1,0,0,0,0,0,1,0,0,0,0,1,0.002638522427440633,0.005277044854881266,0.0079155672823219
2,7,55,1,0,15,1,20181201,0.002638522427440633,0.021108179419525065,0.03430079155672823,0.0158311345646438,1,0,0,0,0,0,0,1,0,0,1,0,0,0,0,0,0,0,0,1,0,1,0.002638522427440633,0.005277044854881266,0.002638522427440633
1,1,51,25,-112,228,1,20170410,0.5514511873350924,0.044854881266490766,0.052770448548812667,0.0158311345646438,0,1,1,0,0,0,0,0,0,0,0,1,0,0,0,0,1,0,0,0,0,1,0.002638522427440633,0.002638522427440633,0.002638522427440633
4,7,8,0,0,0,1,20050116,0.06596306068601583,0.018469656992084433,0.026385224274406333,0.05804749340369393,1,0,0,0,0,0,0,1,0,0,1,0,0,0,0,0,0,0,0,1,0,1,0.002638522427440633,0.002638522427440633,0.002638522427440633
2,10,20,1,10,13,1,20041211,0.06596306068601583,0.04221635883905013,0.0316622691292876,0.0395778364116095,1,0,0,0,0,0,0,1,0,0,1,0,0,0,0,0,0,0,0,1,0,1,0.002638522427440633,0.002638522427440633,0.002638522427440633
3,2,32,10,85,66,0,20030126,0.018469656992084433,0.036939313984168866,0.026385224274406333,0.047493403693931395,1,0,0,0,0,0,1,0,0,0,0,0,0,0,1,0,0,1,0,0,0,1,0.002638522427440633,0.0079155672823219,0.005277044854881266
1,2,6,19,-103,167,1,20100202,0.5514511873350924,0.04221635883905013,0.03430079155672823,0.0395778364116095,1,0,0,0,0,0,1,0,0,0,0,1,0,0,0,1,0,0,0,0,0,1,0.002638522427440633,0.0079155672823219,0.0079155672823219
3,1,42,0,0,0,1,20061230,0.002638522427440633,0.023746701846965697,0.0316622691292876,0.021108179419525065,1,0,0,0,0,0,0,1,0,0,1,0,0,0,0,0,0,0,0,1,0,1,0.002638522427440633,0.002638522427440633,0.005277044854881266
3,10,17,4,43,12,0,20060319,0.5514511873350924,0.03430079155672823,0.010554089709762533,0.04221635883905013,1,0,0,0,1,0,0,0,0,0,1,0,0,0,0,0,0,0,0,1,0,1,0.002638522427440633,0.005277044854881266,0.002638522427440633
1,7,8,0,1,0,1,20140305,0.06596306068601583,0.04221635883905013,0.029023746701846966,0.021108179419525065,1,0,0,0,0,0,0,1,0,0,1,0,0,0,0,0,0,0,0,1,0,1,0.002638522427440633,0.005277044854881266,0.005277044854881266
3,0,59,24,-148,200,0,20151119,0.5514511873350924,0.036939313984168866,0.036939313984168866,0.047493403693931395,0,1,1,0,0,0,0,0,0,0,0,1,0,0,0,0,1,0,0,0,0,1,0.002638522427440633,0.005277044854881266,0.005277044854881266
3,3,4,25,-209,138,0,20090411,0.5514511873350924,0.03430079155672823,0.03430079155672823,0.029023746701846966,0,1,1,0,0,0,0,0,0,0,0,1,0,0,0,0,1,0,0,0,0,1,0.002638522427440633,0.005277044854881266,0.002638522427440633
3,2,0,17,-170,45,0,20010329,0.5514511873350924,0.03430079155672823,0.03430079155672823,0.036939313984168866,1,0,0,0,0,0,1,0,0,0,0,0,1,0,0,1,0,0,0,0,0,1,0.002638522427440633,0.002638522427440633,0.002638522427440633
2,10,26,4,10,44,0,20090102,0.5514511873350924,0.044854881266490766,0.052770448548812667,0.04221635883905013,1,0,0,0,1,0,0,0,0,0,1,0,0,0,0,0,0,0,0,1,0,1,0.002638522427440633,0.002638522427440633,0.002638522427440633
1,0,27,0,0,0,1,20001201,0.06596306068601583,0.05013192612137203,0.029023746701846966,0.05804749340369393,1,0,0,0,0,0,0,1,0,0,1,0,0,0,0,0,0,0,0,1,0,1,0.002638522427440633,0.002638522427440633,0.002638522427440633
1,7,34,0,0,0,1,19991214,0.1345646437994723,0.04221635883905013,0.04221635883905013,0.0395778364116095,1,0,0,0,0,0,0,1,0,0,1,0,0,0,0,0,0,0,0,1,0,1,0.002638522427440633,0.002638522427440633,0.002638522427440633
3,10,6,7,73,11,0,20140123,0.5514511873350924,0.0395778364116095,0.036939313984168866,0.036939313984168866,1,0,0,0,1,0,0,0,0,0,1,0,0,0,0,0,0,0,0,1,0,1,0.002638522427440633,0.0079155672823219,0.002638522427440633
2,9,2,6,47,49,0,20030326,0.03430079155672823,0.0395778364116095,0.036939313984168866,0.03430079155672823,1,0,0,0,1,0,0,0,0,0,1,0,0,0,0,0,0,0,0,1,0,1,0.002638522427440633,0.002638522427440633,0.002638522427440633
4,9,58,2,-16,14,1,20150304,0.005277044854881266,0.0395778364116095,0.023746701846965697,0.03430079155672823,1,0,0,0,0,0,0,1,0,0,1,0,0,0,0,0,0,0,0,1,0,1,0.002638522427440633,0.0079155672823219,0.002638522427440633
4,4,46,24,236,48,0,20051117,0.5514511873350924,0.03430079155672823,0.023746701846965697,0.044854881266490766,0,1,0,0,0,0,0,0,1,0,0,0,0,0,1,0,1,0,0,0,0,1,0.002638522427440633,0.002638522427440633,0.002638522427440633
2,3,32,11,100,53,1,20071102,0.010554089709762533,0.05013192612137203,0.026385224274406333,0.029023746701846966,1,0,0,0,0,0,1,0,0,0,0,0,0,0,1,0,0,1,0,0,0,1,0.002638522427440633,0.002638522427440633,0.010554089709762533
1,3,48,2,13,23,1,20130213,0.018469656992084433,0.023746701846965697,0.013192612137203167,0.021108179419525065,1,0,0,0,0,0,0,1,0,0,1,0,0,0,0,0,0,0,0,1,0,1,0.002638522427440633,0.002638522427440633,0.002638522427440633
2,10,26,0,0,0,1,20001221,0.1345646437994723,0.026385224274406333,0.036939313984168866,0.036939313984168866,1,0,0,0,0,0,0,1,0,0,1,0,0,0,0,0,0,0,0,1,0,1,0.002638522427440633,0.005277044854881266,0.005277044854881266
2,0,0,58,206,544,0,20110311,0.018469656992084433,0.018469656992084433,0.026385224274406333,0.03430079155672823,0,1,0,1,0,0,0,0,0,1,0,0,0,0,0,0,0,0,1,0,0,1,0.002638522427440633,0.0079155672823219,0.005277044854881266
2,8,56,0,0,0,0,20000324,0.06596306068601583,0.029023746701846966,0.03430079155672823,0.0316622691292876,1,0,0,0,0,0,0,1,0,0,1,0,0,0,0,0,0,0,0,1,0,1,0.002638522427440633,0.002638522427440633,0.002638522427440633
1,3,57,17,-96,145,0,20000208,0.5514511873350924,0.05013192612137203,0.0316622691292876,0.05804749340369393,1,0,0,0,0,0,1,0,0,0,0,1,0,0,0,1,0,0,0,0,0,1,0.002638522427440633,0.002638522427440633,0.005277044854881266
3,6,54,5,11,51,0,20020103,0.018469656992084433,0.04221635883905013,0.0316622691292876,0.0395778364116095,1,0,0,0,1,0,0,0,0,0,1,0,0,0,0,0,0,0,0,1,0,1,0.002638522427440633,0.005277044854881266,0.005277044854881266
2,9,52,20,-200,13,0,20060313,0.5514511873350924,0.029023746701846966,0.04221635883905013,0.0316622691292876,1,0,0,0,0,0,1,0,0,0,0,0,1,0,0,1,0,0,0,0,0,1,0.002638522427440633,0.002638522427440633,0.005277044854881266
4,7,23,3,-34,4,1,20200308,0.06596306068601583,0.036939313984168866,0.03430079155672823,0.021108179419525065,1,0,0,0,0,0,0,1,0,0,1,0,0,0,0,0,0,0,0,1,0,1,0.002638522427440633,0.002638522427440633,0.002638522427440633
1,2,22,0,0,0,0,20080319,0.1345646437994723,0.05013192612137203,0.026385224274406333,0.047493403693931395,1,0,0,0,0,0,0,1,0,0,1,0,0,0,0,0,0,0,0,1,0,1,0.002638522427440633,0.002638522427440633,0.002638522427440633
4,5,2,1,16,10,0,20041113,0.1345646437994723,0.05013192612137203,0.026385224274406333,0.04221635883905013,1,0,0,0,0,0,0,1,0,0,1,0,0,0,0,0,0,0,0,1,0,1,0.002638522427440633,0.002638522427440633,0.002638522427440633
5,1,26,18,51,179,0,20021220,0.5514511873350924,0.0158311345646438,0.026385224274406333,0.010554089709762533,1,0,0,0,0,0,1,0,0,0,1,0,0,0,0,1,0,0,0,0,0,1,0.002638522427440633,0.005277044854881266,0.005277044854881266
1,8,28,16,-61,156,0,20080116,0.5514511873350924,0.029023746701846966,0.023746701846965697,0.04221635883905013,1,0,0,0,0,0,1,0,0,0,0,1,0,0,0,1,0,0,0,0,0,1,0.002638522427440633,0.005277044854881266,0.002638522427440633
1,9,2,6,38,52,0,20171219,0.1345646437994723,0.018469656992084433,0.03430079155672823,0.018469656992084433,1,0,0,0,1,0,0,0,0,0,1,0,0,0,0,0,0,0,0,1,0,1,0.002638522427440633,0.002638522427440633,0.002638522427440633
3,0,33,25,-246,62,0,20160116,0.5514511873350924,0.044854881266490766,0.03430079155672823,0.036939313984168866,0,1,0,0,0,1,0,0,0,0,0,0,1,0,0,0,1,0,0,0,0,1,0.002638522427440633,0.002638522427440633,0.002638522427440633
3,4,27,9,95,28,1,20021215,0.5514511873350924,0.0395778364116095,0.0395778364116095,0.04221635883905013,1,0,0,0,0,0,1,0,0,0,0,0,0,0,1,0,0,1,0,0,0,1,0.002638522427440633,0.002638522427440633,0.002638522427440633
4,2,6,12,22,125,1,20200311,0.005277044854881266,0.0395778364116095,0.023746701846965697,0.029023746701846966,1,0,0,0,1,0,0,0,0,0,1,0,0,0,0,0,0,1,0,0,0,1,0.002638522427440633,0.002638522427440633,0.002638522427440633
2,7,38,24,-166,184,0,20100117,0.5514511873350924,0.018469656992084433,0.026385224274406333,0.03430079155672823,0,1,1,0,0,0,0,0,0,0,0,1,0,0,0,0,1,0,0,0,0,1,0.002638522427440633,0.002638522427440633,0.002638522427440633
1,3,15,25,187,169,0,20181223,0.5514511873350924,0.018469656992084433,0.03430079155672823,0.018469656992084433,0,1,1,0,0,0,0,0,0,0,0,0,0,1,0,0,1,0,0,0,0,1,0.002638522427440633,0.005277044854881266,0.005277044854881266
3,8,38,0,0,0,0,20050401,0.1345646437994723,0.0395778364116095,0.036939313984168866,0.03430079155672823,1,0,0,0,0,0,0,1,0,0,1,0,0,0,0,0,0,0,0,1,0,1,0.002638522427440633,0.0079155672823219,0.0079155672823219
3,1,44,19,-124,156,1,20000222,0.5514511873350924,0.029023746701846966,0.0316622691292876,0.0316622691292876,1,0,0,0,0,0,1,0,0,0,0,1,0,0,0,1,0,0,0,0,0,1,0.002638522427440633,0.0079155672823219,0.005277044854881266
4,7,35,18,1,183,0,20170113,0.5514511873350924,0.0395778364116095,0.029023746701846966,0.0316622691292876,1,0,0,0,0,0,1,0,0,0,1,0,0,0,0,1,0,0,0,0,0,1,0.002638522427440633,0.002638522427440633,0.0079155672823219
1,10,43,5,-34,39,0,20091219,0.03430079155672823,0.0395778364116095,0.029023746701846966,0.047493403693931395,1,0,0,0,1,0,0,0,0,0,1,0,0,0,0,0,0,0,0,1,0,1,0.002638522427440633,0.0079155672823219,0.002638522427440633
4,11,35,17,-166,40,1,20071109,0.5514511873350924,0.044854881266490766,0.052770448548812667,0.044854881266490766,1,0,0,0,0,0,1,0,0,0,0,0,1,0,0,1,0,0,0,0,0,1,0.002638522427440633,0.002638522427440633,0.0079155672823219
3,0,3,19,-156,117,0,20071207,0.5514511873350924,0.03430079155672823,0.03430079155672823,0.047493403693931395,1,0,0,0,0,0,1,0,0,0,0,1,0,0,0,1,0,0,0,0,0,1,0.002638522427440633,0.002638522427440633,0.002638522427440633
3,2,26,4,1,44,0,20131122,0.5514511873350924,0.0395778364116095,0.047493403693931395,0.03430079155672823,1,0,0,0,1,0,0,0,0,0,1,0,0,0,0,0,0,0,0,1,0,1,0.002638522427440633,0.0079155672823219,0.002638522427440633
3,10,38,20,-141,145,0,20061120,0.5514511873350924,0.023746701846965697,0.0316622691292876,0.04221635883905013,1,0,0,0,0,0,1,0,0,0,0,1,0,0,0,1,0,0,0,0,0,1,0.002638522427440633,0.005277044854881266,0.005277044854881266
2,6,30,0,0,0,1,20100308,0.1345646437994723,0.0158311345646438,0.013192612137203167,0.0316622691292876,1,0,0,0,0,0,0,1,0,0,1,0,0,0,0,0,0,0,0,1,0,1,0.002638522427440633,0.010554089709762533,0.005277044854881266
2,8,3,0,0,0,1,20021122,0.002638522427440633,0.026385224274406333,0.03430079155672823,0.05804749340369393,1,0,0,0,0,0,0,1,0,0,1,0,0,0,0,0,0,0,0,1,0,1,0.002638522427440633,0.010554089709762533,0.0079155672823219
2,0,33,19,-199,1,1,20000216,0.5514511873350924,0.018469656992084433,0.0316622691292876,0.0316622691292876,1,0,0,0,0,0,1,0,0,0,0,0,1,0,0,1,0,0,0,0,0,1,0.002638522427440633,0.0079155672823219,0.002638522427440633
1,0,9,0,-3,8,1,20181130,0.06596306068601583,0.029023746701846966,0.04221635883905013,0.04221635883905013,1,0,0,0,0,0,0,1,0,0,1,0,0,0,0,0,0,0,0,1,0,1,0.002638522427440633,0.002638522427440633,0.002638522427440633
2,3,54,4,-29,36,0,19990408,0.5514511873350924,0.018469656992084433,0.026385224274406333,0.021108179419525065,1,0,0,0,1,0,0,0,0,0,1,0,0,0,0,0,0,0,0,1,0,1,0.002638522427440633,0.002638522427440633,0.002638522427440633
2,6,39,23,237,11,1,20200309,0.5514511873350924,0.026385224274406333,0.023746701846965697,0.021108179419525065,0,1,0,0,0,0,0,0,1,0,0,0,0,0,1,0,1,0,0,0,0,1,0.002638522427440633,0.005277044854881266,0.002638522427440633
4,0,10,0,0,0,1,20001220,0.1345646437994723,0.023746701846965697,0.023746701846965697,0.021108179419525065,1,0,0,0,0,0,0,1,0,0,1,0,0,0,0,0,0,0,0,1,0,1,0.002638522427440633,0.005277044854881266,0.002638522427440633
3,9,50,14,146,-6,0,20120118,0.5514511873350924,0.03430079155672823,0.03430079155672823,0.005277044854881266,1,0,0,0,0,0,1,0,0,0,0,0,0,0,1,0,0,1,0,0,0,1,0.002638522427440633,0.002638522427440633,0.002638522427440633
1,5,43,24,-242,-13,0,20130227,0.5514511873350924,0.026385224274406333,0.036939313984168866,0.0316622691292876,0,1,0,0,0,1,0,0,0,0,0,0,1,0,0,0,1,0,0,0,0,1,0.002638522427440633,0.013192612137203167,0.002638522427440633
2,6,31,0,0,0,1,20080411,0.1345646437994723,0.05013192612137203,0.03430079155672823,0.05804749340369393,1,0,0,0,0,0,0,1,0,0,1,0,0,0,0,0,0,0,0,1,0,1,0.002638522427440633,0.002638522427440633,0.005277044854881266
3,0,46,20,24,206,0,20060417,0.5514511873350924,0.029023746701846966,0.047493403693931395,0.021108179419525065,1,0,0,0,0,0,1,0,0,0,1,0,0,0,0,1,0,0,0,0,0,1,0.002638522427440633,0.002638522427440633,0.002638522427440633
3,8,34,4,-16,38,0,20151105,0.5514511873350924,0.026385224274406333,0.036939313984168866,0.026385224274406333,1,0,0,0,1,0,0,0,0,0,1,0,0,0,0,0,0,0,0,1,0,1,0.002638522427440633,0.0079155672823219,0.002638522427440633
1,5,2,0,0,0,1,20060214,0.1345646437994723,0.018469656992084433,0.029023746701846966,0.010554089709762533,1,0,0,0,0,0,0,1,0,0,1,0,0,0,0,0,0,0,0,1,0,1,0.002638522427440633,0.005277044854881266,0.005277044854881266
4,8,13,9,90,43,0,20071113,0.5514511873350924,0.04221635883905013,0.0316622691292876,0.0395778364116095,1,0,0,0,0,0,1,0,0,0,0,0,0,0,1,0,0,1,0,0,0,1,0.002638522427440633,0.005277044854881266,0.002638522427440633
2,2,23,20,167,125,0,20010223,0.5514511873350924,0.018469656992084433,0.026385224274406333,0.047493403693931395,1,0,0,0,0,0,1,0,0,0,0,0,0,1,0,1,0,0,0,0,0,1,0.002638522427440633,0.002638522427440633,0.005277044854881266
1,5,14,0,0,0,0,20000105,0.1345646437994723,0.0395778364116095,0.0395778364116095,0.04221635883905013,1,0,0,0,0,0,0,1,0,0,1,0,0,0,0,0,0,0,0,1,0,1,0.002638522427440633,0.002638522427440633,0.002638522427440633
3,11,7,0,0,0,1,20100320,0.1345646437994723,0.0158311345646438,0.023746701846965697,0.010554089709762533,1,0,0,0,0,0,0,1,0,0,1,0,0,0,0,0,0,0,0,1,0,1,0.002638522427440633,0.002638522427440633,0.002638522427440633
4,10,54,0,0,0,0,20090321,0.010554089709762533,0.023746701846965697,0.0316622691292876,0.036939313984168866,1,0,0,0,0,0,0,1,0,0,1,0,0,0,0,0,0,0,0,1,0,1,0.002638522427440633,0.005277044854881266,0.002638522427440633
4,1,5,1,14,7,1,20160203,0.06596306068601583,0.0079155672823219,0.023746701846965697,0.05804749340369393,1,0,0,0,0,0,0,1,0,0,1,0,0,0,0,0,0,0,0,1,0,1,0.002638522427440633,0.005277044854881266,0.002638522427440633
1,8,52,13,127,56,0,20101217,0.5514511873350924,0.0395778364116095,0.047493403693931395,0.036939313984168866,1,0,0,0,0,0,1,0,0,0,0,0,0,0,1,0,0,1,0,0,0,1,0.002638522427440633,0.0079155672823219,0.002638522427440633
4,0,7,25,164,199,0,19980120,0.5514511873350924,0.0395778364116095,0.010554089709762533,0.03430079155672823,0,1,1,0,0,0,0,0,0,0,0,0,0,1,0,0,1,0,0,0,0,1,0.002638522427440633,0.002638522427440633,0.010554089709762533
1,3,18,22,-227,17,0,20031213,0.5514511873350924,0.026385224274406333,0.0316622691292876,0.021108179419525065,0,1,0,0,0,1,0,0,0,0,0,0,1,0,0,0,1,0,0,0,0,1,0.002638522427440633,0.002638522427440633,0.002638522427440633
1,4,39,18,-56,172,0,20121103,0.5514511873350924,0.036939313984168866,0.026385224274406333,0.047493403693931395,1,0,0,0,0,0,1,0,0,0,0,1,0,0,0,1,0,0,0,0,0,1,0.002638522427440633,0.002638522427440633,0.005277044854881266
1,5,58,2,-22,18,0,20190405,0.1345646437994723,0.03430079155672823,0.047493403693931395,0.044854881266490766,1,0,0,0,0,0,0,1,0,0,1,0,0,0,0,0,0,0,0,1,0,1,0.002638522427440633,0.0079155672823219,0.002638522427440633
3,0,31,26,-185,188,0,20190129,0.0158311345646438,0.03430079155672823,0.026385224274406333,0.04221635883905013,0,1,1,0,0,0,0,0,0,0,0,1,0,0,0,0,1,0,0,0,0,1,0.002638522427440633,0.0079155672823219,0.002638522427440633
1,2,3,1,16,4,1,20001205,0.010554089709762533,0.026385224274406333,0.026385224274406333,0.021108179419525065,1,0,0,0,0,0,0,1,0,0,1,0,0,0,0,0,0,0,0,1,0,1,0.002638522427440633,0.0079155672823219,0.002638522427440633
4,5,44,0,5,5,1,20051229,0.0079155672823219,0.0316622691292876,0.029023746701846966,0.0079155672823219,1,0,0,0,0,0,0,1,0,0,1,0,0,0,0,0,0,0,0,1,0,1,0.002638522427440633,0.002638522427440633,0.002638522427440633
3,2,24,26,-183,186,0,20020417,0.5514511873350924,0.021108179419525065,0.04221635883905013,0.03430079155672823,0,1,1,0,0,0,0,0,0,0,0,1,0,0,0,0,1,0,0,0,0,1,0.002638522427440633,0.002638522427440633,0.002638522427440633
4,5,46,6,-21,66,0,19971223,0.03430079155672823,0.0395778364116095,0.023746701846965697,0.029023746701846966,1,0,0,0,1,0,0,0,0,0,1,0,0,0,0,0,0,0,0,1,0,1,0.002638522427440633,0.005277044854881266,0.002638522427440633
4,8,37,18,181,55,0,20100216,0.5514511873350924,0.04221635883905013,0.029023746701846966,0.0316622691292876,1,0,0,0,0,0,1,0,0,0,0,0,0,0,1,1,0,0,0,0,0,1,0.002638522427440633,0.0079155672823219,0.002638522427440633
4,11,47,1,-10,5,1,19980303,0.1345646437994723,0.0395778364116095,0.002638522427440633,0.03430079155672823,1,0,0,0,0,0,0,1,0,0,1,0,0,0,0,0,0,0,0,1,0,1,0.002638522427440633,0.0079155672823219,0.002638522427440633
3,9,31,1,13,6,0,20120101,0.1345646437994723,0.03430079155672823,0.03430079155672823,0.036939313984168866,1,0,0,0,0,0,0,1,0,0,1,0,0,0,0,0,0,0,0,1,0,1,0.002638522427440633,0.0079155672823219,0.005277044854881266
2,0,10,0,0,0,1,20040305,0.0079155672823219,0.029023746701846966,0.0316622691292876,0.018469656992084433,1,0,0,0,0,0,0,1,0,0,1,0,0,0,0,0,0,0,0,1,0,1,0.002638522427440633,0.002638522427440633,0.005277044854881266
3,0,6,0,0,0,1,20000320,0.06596306068601583,0.0395778364116095,0.002638522427440633,0.0158311345646438,1,0,0,0,0,0,0,1,0,0,1,0,0,0,0,0,0,0,0,1,0,1,0.002638522427440633,0.002638522427440633,0.0079155672823219
1,7,53,3,-9,35,0,20191115,0.03430079155672823,0.0395778364116095,0.0395778364116095,0.047493403693931395,1,0,0,0,0,0,0,1,0,0,1,0,0,0,0,0,0,0,0,1,0,1,0.002638522427440633,0.002638522427440633,0.005277044854881266
2,2,35,1,-13,0,1,20140122,0.1345646437994723,0.023746701846965697,0.023746701846965697,0.04221635883905013,1,0,0,0,0,0,0,1,0,0,1,0,0,0,0,0,0,0,0,1,0,1,0.002638522427440633,0.002638522427440633,0.005277044854881266
3,6,44,1,-16,3,0,20090131,0.018469656992084433,0.0395778364116095,0.026385224274406333,0.029023746701846966,1,0,0,0,0,0,0,1,0,0,1,0,0,0,0,0,0,0,0,1,0,1,0.002638522427440633,0.002638522427440633,0.002638522427440633
2,5,35,6,5,61,0,20050210,0.0079155672823219,0.03430079155672823,0.047493403693931395,0.044854881266490766,1,0,0,0,1,0,0,0,0,0,1,0,0,0,0,0,0,0,0,1,0,1,0.002638522427440633,0.005277044854881266,0.005277044854881266
2,3,33,26,82,251,0,20190104,0.0158311345646438,0.026385224274406333,0.0395778364116095,0.029023746701846966,0,1,1,0,0,0,0,0,0,0,0,0,0,1,0,0,1,0,0,0,0,1,0.002638522427440633,0.002638522427440633,0.002638522427440633
2,8,6,24,45,242,0,20161122,0.0158311345646438,0.026385224274406333,0.036939313984168866,0.021108179419525065,0,1,1,0,0,0,0,0,0,0,1,0,0,0,0,0,1,0,0,0,0,1,0.002638522427440633,0.005277044854881266,0.005277044854881266
3,2,38,5,54,20,0,20120401,0.0079155672823219,0.03430079155672823,0.026385224274406333,0.04221635883905013,1,0,0,0,1,0,0,0,0,0,1,0,0,0,0,0,0,0,0,1,0,1,0.002638522427440633,0.005277044854881266,0.002638522427440633
3,5,41,23,236,1,0,20180411,0.5514511873350924,0.04221635883905013,0.03430079155672823,0.0395778364116095,0,1,0,0,0,0,0,0,1,0,0,0,0,0,1,0,1,0,0,0,0,1,0.002638522427440633,0.005277044854881266,0.002638522427440633
1,1,57,24,184,169,0,20160112,0.5514511873350924,0.03430079155672823,0.029023746701846966,0.021108179419525065,0,1,1,0,0,0,0,0,0,0,0,0,0,1,0,0,1,0,0,0,0,1,0.002638522427440633,0.002638522427440633,0.002638522427440633
4,0,25,0,6,-6,1,20161211,0.1345646437994723,0.029023746701846966,0.0316622691292876,0.0316622691292876,1,0,0,0,0,0,0,1,0,0,1,0,0,0,0,0,0,0,0,1,0,1,0.002638522427440633,0.002638522427440633,0.002638522427440633
4,7,24,2,22,7,1,20170201,0.005277044854881266,0.05013192612137203,0.04221635883905013,0.04221635883905013,1,0,0,0,0,0,0,1,0,0,1,0,0,0,0,0,0,0,0,1,0,1,0.002638522427440633,0.002638522427440633,0.005277044854881266
3,1,59,26,-205,173,1,19980211,0.5514511873350924,0.0395778364116095,0.047493403693931395,0.03430079155672823,0,1,1,0,0,0,0,0,0,0,0,1,0,0,0,0,1,0,0,0,0,1,0.002638522427440633,0.005277044854881266,0.002638522427440633
1,4,35,19,97,173,0,20050507,0.5514511873350924,0.0395778364116095,0.052770448548812667,0.03430079155672823,1,0,0,0,0,0,1,0,0,0,0,0,0,1,0,1,0,0,0,0,1,0,0.002638522427440633,0.0079155672823219,0.010554089709762533
2,2,54,26,-106,248,0,20191223,0.5514511873350924,0.0316622691292876,0.036939313984168866,0.026385224274406333,0,1,1,0,0,0,0,0,0,0,0,1,0,0,0,0,1,0,0,0,0,1,0.002638522427440633,0.0079155672823219,0.005277044854881266
4,7,43,17,47,167,0,20180419,0.5514511873350924,0.0316622691292876,0.036939313984168866,0.0158311345646438,1,0,0,0,0,0,1,0,0,0,1,0,0,0,0,1,0,0,0,0,1,0,0.002638522427440633,0.002638522427440633,0.010554089709762533
4,0,33,17,170,0,1,20110119,0.5514511873350924,0.023746701846965697,0.03430079155672823,0.021108179419525065,1,0,0,0,0,0,1,0,0,0,0,0,0,0,1,1,0,0,0,0,0,1,0.002638522427440633,0.002638522427440633,0.005277044854881266
1,10,27,25,-185,173,1,20020408,0.5514511873350924,0.029023746701846966,0.026385224274406333,0.04221635883905013,0,1,1,0,0,0,0,0,0,0,0,1,0,0,0,0,1,0,0,0,0,1,0.005277044854881266,0.002638522427440633,0.005277044854881266
2,5,3,1,10,11,1,20150325,0.018469656992084433,0.005277044854881266,0.029023746701846966,0.005277044854881266,1,0,0,0,0,0,0,1,0,0,1,0,0,0,0,0,0,0,0,1,0,1,0.002638522427440633,0.002638522427440633,0.002638522427440633
2,4,7,20,-6,204,1,20190208,0.5514511873350924,0.029023746701846966,0.0079155672823219,0.0316622691292876,1,0,0,0,0,0,1,0,0,0,1,0,0,0,0,1,0,0,0,0,0,1,0.002638522427440633,0.005277044854881266,0.002638522427440633
3,1,48,25,-189,169,0,20161112,0.018469656992084433,0.021108179419525065,0.04221635883905013,0.0158311345646438,0,1,1,0,0,0,0,0,0,0,0,1,0,0,0,0,1,0,0,0,0,1,0.002638522427440633,0.002638522427440633,0.002638522427440633
1,10,16,19,155,116,0,20081129,0.5514511873350924,0.0395778364116095,0.0316622691292876,0.029023746701846966,1,0,0,0,0,0,1,0,0,0,0,0,0,1,0,1,0,0,0,0,0,1,0.002638522427440633,0.002638522427440633,0.002638522427440633
4,9,37,15,152,12,1,20101127,0.0158311345646438,0.0395778364116095,0.047493403693931395,0.021108179419525065,1,0,0,0,0,0,1,0,0,0,0,0,0,0,1,0,0,1,0,0,0,1,0.002638522427440633,0.002638522427440633,0.002638522427440633
3,5,30,9,-93,23,1,20110216,0.018469656992084433,0.018469656992084433,0.026385224274406333,0.0316622691292876,1,0,0,0,0,0,1,0,0,0,0,0,1,0,0,0,0,1,0,0,0,1,0.002638522427440633,0.005277044854881266,0.005277044854881266
3,3,14,2,-24,-6,1,20170106,0.002638522427440633,0.021108179419525065,0.013192612137203167,0.05804749340369393,1,0,0,0,0,0,0,1,0,0,1,0,0,0,0,0,0,0,0,1,0,1,0.002638522427440633,0.002638522427440633,0.002638522427440633
1,10,12,0,0,0,0,19980308,0.1345646437994723,0.029023746701846966,0.036939313984168866,0.04221635883905013,1,0,0,0,0,0,0,1,0,0,1,0,0,0,0,0,0,0,0,1,0,1,0.002638522427440633,0.0079155672823219,0.005277044854881266
3,3,38,6,-18,58,0,20040406,0.5514511873350924,0.05013192612137203,0.026385224274406333,0.021108179419525065,1,0,0,0,1,0,0,0,0,0,1,0,0,0,0,0,0,0,0,1,0,1,0.002638522427440633,0.002638522427440633,0.010554089709762533
1,0,8,13,104,91,0,20000322,0.5514511873350924,0.044854881266490766,0.052770448548812667,0.0316622691292876,1,0,0,0,0,0,1,0,0,0,0,0,0,0,1,0,0,1,0,0,0,1,0.002638522427440633,0.002638522427440633,0.005277044854881266
3,10,34,12,-109,61,1,20131202,0.5514511873350924,0.018469656992084433,0.03430079155672823,0.018469656992084433,1,0,0,0,0,0,1,0,0,0,0,0,1,0,0,0,0,1,0,0,0,1,0.002638522427440633,0.002638522427440633,0.002638522427440633
4,8,14,14,-138,46,1,20051106,0.010554089709762533,0.018469656992084433,0.036939313984168866,0.0316622691292876,1,0,0,0,0,0,1,0,0,0,0,0,1,0,0,0,0,1,0,0,0,1,0.002638522427440633,0.002638522427440633,0.002638522427440633
4,2,52,7,-68,18,1,19991210,0.03430079155672823,0.0395778364116095,0.026385224274406333,0.05804749340369393,1,0,0,0,1,0,0,0,0,0,1,0,0,0,0,0,0,0,0,1,0,1,0.002638522427440633,0.002638522427440633,0.002638522427440633
1,5,0,0,1,2,0,20151209,0.1345646437994723,0.03430079155672823,0.03430079155672823,0.018469656992084433,1,0,0,0,0,0,0,1,0,0,1,0,0,0,0,0,0,0,0,1,0,1,0.002638522427440633,0.013192612137203167,0.002638522427440633
4,1,37,3,30,7,0,20160505,0.002638522427440633,0.0316622691292876,0.026385224274406333,0.0316622691292876,1,0,0,0,0,0,0,1,0,0,1,0,0,0,0,0,0,0,0,1,1,0,0.002638522427440633,0.002638522427440633,0.005277044854881266
4,3,55,18,158,100,0,20170129,0.5514511873350924,0.03430079155672823,0.03430079155672823,0.0158311345646438,1,0,0,0,0,0,1,0,0,0,0,0,0,0,1,1,0,0,0,0,0,1,0.002638522427440633,0.002638522427440633,0.010554089709762533
1,10,46,10,-109,-8,0,19990328,0.5514511873350924,0.029023746701846966,0.047493403693931395,0.0316622691292876,1,0,0,0,0,0,1,0,0,0,0,0,1,0,0,0,0,1,0,0,0,1,0.002638522427440633,0.002638522427440633,0.002638522427440633
1,5,11,18,-122,133,0,20050305,0.5514511873350924,0.05013192612137203,0.04221635883905013,0.021108179419525065,1,0,0,0,0,0,1,0,0,0,0,1,0,0,0,1,0,0,0,0,0,1,0.002638522427440633,0.005277044854881266,0.002638522427440633
4,7,16,0,0,0,0,20051214,0.1345646437994723,0.0395778364116095,0.0316622691292876,0.036939313984168866,1,0,0,0,0,0,0,1,0,0,1,0,0,0,0,0,0,0,0,1,0,1,0.002638522427440633,0.002638522427440633,0.002638522427440633
3,0,55,5,53,9,0,20130412,0.5514511873350924,0.036939313984168866,0.029023746701846966,0.047493403693931395,1,0,0,0,1,0,0,0,0,0,1,0,0,0,0,0,0,0,0,1,0,1,0.002638522427440633,0.002638522427440633,0.002638522427440633
1,8,47,16,2,165,0,20130421,0.5514511873350924,0.0316622691292876,0.036939313984168866,0.03430079155672823,1,0,0,0,0,0,1,0,0,0,1,0,0,0,0,1,0,0,0,0,1,0,0.002638522427440633,0.005277044854881266,0.002638522427440633
1,6,41,22,138,173,1,20060301,0.5514511873350924,0.026385224274406333,0.023746701846965697,0.029023746701846966,1,0,0,0,0,0,1,0,0,0,0,0,0,1,0,1,0,0,0,0,0,1,0.002638522427440633,0.010554089709762533,0.005277044854881266
4,6,16,24,187,160,0,20061128,0.5514511873350924,0.026385224274406333,0.03430079155672823,0.029023746701846966,0,1,1,0,0,0,0,0,0,0,0,0,0,1,0,0,1,0,0,0,0,1,0.002638522427440633,0.005277044854881266,0.005277044854881266
1,5,18,22,-200,97,1,20001124,0.5514511873350924,0.026385224274406333,0.023746701846965697,0.021108179419525065,1,0,0,0,0,0,1,0,0,0,0,0,1,0,0,1,0,0,0,0,0,1,0.002638522427440633,0.0079155672823219,0.002638522427440633
3,11,45,0,0,0,1,20000319,0.1345646437994723,0.0395778364116095,0.047493403693931395,0.04221635883905013,1,0,0,0,0,0,0,1,0,0,1,0,0,0,0,0,0,0,0,1,0,1,0.002638522427440633,0.005277044854881266,0.002638522427440633
4,2,20,23,-232,17,0,20051231,0.5514511873350924,0.03430079155672823,0.03430079155672823,0.047493403693931395,0,1,0,0,0,1,0,0,0,0,0,0,1,0,0,0,1,0,0,0,0,1,0.002638522427440633,0.002638522427440633,0.002638522427440633
1,9,45,28,-52,278,1,20171109,0.5514511873350924,0.05013192612137203,0.0316622691292876,0.05804749340369393,0,1,1,0,0,0,0,0,0,0,1,0,0,0,0,0,1,0,0,0,0,1,0.002638522427440633,0.005277044854881266,0.002638522427440633
1,3,37,0,7,6,0,20121212,0.1345646437994723,0.021108179419525065,0.052770448548812667,0.03430079155672823,1,0,0,0,0,0,0,1,0,0,1,0,0,0,0,0,0,0,0,1,0,1,0.002638522427440633,0.005277044854881266,0.002638522427440633
4,8,2,2,17,19,0,20140219,0.010554089709762533,0.018469656992084433,0.0079155672823219,0.029023746701846966,1,0,0,0,0,0,0,1,0,0,1,0,0,0,0,0,0,0,0,1,0,1,0.002638522427440633,0.005277044854881266,0.002638522427440633
3,4,6,13,-16,138,0,20191206,0.005277044854881266,0.0316622691292876,0.036939313984168866,0.04221635883905013,1,0,0,0,1,0,0,0,0,0,1,0,0,0,0,0,0,1,0,0,0,1,0.002638522427440633,0.005277044854881266,0.002638522427440633
4,3,28,23,233,4,1,20011031,0.5514511873350924,0.044854881266490766,0.052770448548812667,0.021108179419525065,0,1,0,0,0,0,0,0,1,0,0,0,0,0,1,0,1,0,0,0,0,1,0.002638522427440633,0.002638522427440633,0.002638522427440633
1,0,55,6,39,58,0,20100326,0.5514511873350924,0.023746701846965697,0.023746701846965697,0.04221635883905013,1,0,0,0,1,0,0,0,0,0,1,0,0,0,0,0,0,0,0,1,0,1,0.002638522427440633,0.005277044854881266,0.010554089709762533
3,5,40,19,-109,164,1,19971129,0.5514511873350924,0.029023746701846966,0.0316622691292876,0.013192612137203167,1,0,0,0,0,0,1,0,0,0,0,1,0,0,0,1,0,0,0,0,0,1,0.002638522427440633,0.005277044854881266,0.002638522427440633
3,6,53,25,52,245,0,20080229,0.5514511873350924,0.03430079155672823,0.03430079155672823,0.04221635883905013,0,1,1,0,0,0,0,0,0,0,1,0,0,0,0,0,1,0,0,0,0,1,0.002638522427440633,0.002638522427440633,0.005277044854881266
3,6,7,16,-164,-13,0,20081212,0.018469656992084433,0.029023746701846966,0.04221635883905013,0.04221635883905013,1,0,0,0,0,0,1,0,0,0,0,0,1,0,0,1,0,0,0,0,0,1,0.002638522427440633,0.0079155672823219,0.005277044854881266
4,4,7,26,3,263,0,20061107,0.5514511873350924,0.0395778364116095,0.0395778364116095,0.0316622691292876,0,1,1,0,0,0,0,0,0,0,1,0,0,0,0,0,1,0,0,0,0,1,0.002638522427440633,0.002638522427440633,0.002638522427440633
1,3,8,14,113,85,1,19971211,0.5514511873350924,0.03430079155672823,0.04221635883905013,0.044854881266490766,1,0,0,0,0,0,1,0,0,0,0,0,0,0,1,0,0,1,0,0,0,1,0.002638522427440633,0.002638522427440633,0.002638522427440633
1,1,23,0,0,0,0,20080204,0.1345646437994723,0.023746701846965697,0.0316622691292876,0.029023746701846966,1,0,0,0,0,0,0,1,0,0,1,0,0,0,0,0,0,0,0,1,0,1,0.002638522427440633,0.002638522427440633,0.0079155672823219
2,5,41,3,23,30,1,20040402,0.018469656992084433,0.018469656992084433,0.026385224274406333,0.036939313984168866,1,0,0,0,0,0,0,1,0,0,1,0,0,0,0,0,0,0,0,1,0,1,0.002638522427440633,0.002638522427440633,0.005277044854881266
1,8,29,25,-191,168,0,20190202,0.5514511873350924,0.0395778364116095,0.036939313984168866,0.03430079155672823,0,1,1,0,0,0,0,0,0,0,0,1,0,0,0,0,1,0,0,0,0,1,0.002638522427440633,0.010554089709762533,0.005277044854881266
3,0,30,10,105,23,0,20061124,0.0079155672823219,0.036939313984168866,0.026385224274406333,0.047493403693931395,1,0,0,0,0,0,1,0,0,0,0,0,0,0,1,0,0,1,0,0,0,1,0.002638522427440633,0.002638522427440633,0.005277044854881266
2,8,28,9,89,41,0,20061210,0.018469656992084433,0.03430079155672823,0.03430079155672823,0.044854881266490766,1,0,0,0,0,0,1,0,0,0,0,0,0,0,1,0,0,1,0,0,0,1,0.002638522427440633,0.002638522427440633,0.002638522427440633
2,4,39,23,-232,7,0,20050326,0.5514511873350924,0.04221635883905013,0.029023746701846966,0.036939313984168866,0,1,0,0,0,1,0,0,0,0,0,0,1,0,0,0,1,0,0,0,0,1,0.002638522427440633,0.002638522427440633,0.002638522427440633
1,0,43,24,-172,179,1,20140129,0.5514511873350924,0.018469656992084433,0.0316622691292876,0.018469656992084433,0,1,1,0,0,0,0,0,0,0,0,1,0,0,0,0,1,0,0,0,0,1,0.002638522427440633,0.005277044854881266,0.002638522427440633
1,6,43,1,11,9,0,20020416,0.1345646437994723,0.05013192612137203,0.029023746701846966,0.047493403693931395,1,0,0,0,0,0,0,1,0,0,1,0,0,0,0,0,0,0,0,1,0,1,0.002638522427440633,0.002638522427440633,0.002638522427440633
3,0,0,0,0,0,1,20040412,0.1345646437994723,0.036939313984168866,0.036939313984168866,0.047493403693931395,1,0,0,0,0,0,0,1,0,0,1,0,0,0,0,0,0,0,0,1,0,1,0.002638522427440633,0.002638522427440633,0.005277044854881266
2,7,53,9,-34,90,0,20160305,0.0079155672823219,0.021108179419525065,0.0316622691292876,0.0158311345646438,1,0,0,0,1,0,0,0,0,0,1,0,0,0,0,0,0,1,0,0,0,1,0.002638522427440633,0.005277044854881266,0.002638522427440633
3,0,4,15,111,113,0,20130327,0.5514511873350924,0.05013192612137203,0.023746701846965697,0.047493403693931395,1,0,0,0,0,0,1,0,0,0,0,0,0,0,1,0,0,1,0,0,0,1,0.002638522427440633,0.002638522427440633,0.002638522427440633
2,0,57,2,-23,1,0,20121116,0.018469656992084433,0.05013192612137203,0.0395778364116095,0.047493403693931395,1,0,0,0,0,0,0,1,0,0,1,0,0,0,0,0,0,0,0,1,0,1,0.002638522427440633,0.002638522427440633,0.002638522427440633
2,3,16,0,0,0,1,20021030,0.1345646437994723,0.023746701846965697,0.0316622691292876,0.03430079155672823,1,0,0,0,0,0,0,1,0,0,1,0,0,0,0,0,0,0,0,1,0,1,0.002638522427440633,0.005277044854881266,0.002638522427440633
4,7,26,27,168,221,1,20181125,0.018469656992084433,0.021108179419525065,0.013192612137203167,0.0158311345646438,0,1,1,0,0,0,0,0,0,0,0,0,0,1,0,0,1,0,0,0,0,1,0.002638522427440633,0.002638522427440633,0.002638522427440633
1,8,23,0,0,0,1,20071110,0.010554089709762533,0.029023746701846966,0.047493403693931395,0.047493403693931395,1,0,0,0,0,0,0,1,0,0,1,0,0,0,0,0,0,0,0,1,0,1,0.002638522427440633,0.0079155672823219,0.002638522427440633
1,2,39,25,-116,228,0,20121221,0.5514511873350924,0.029023746701846966,0.04221635883905013,0.047493403693931395,0,1,1,0,0,0,0,0,0,0,0,1,0,0,0,0,1,0,0,0,0,1,0.002638522427440633,0.0079155672823219,0.002638522427440633
1,2,16,9,-28,95,1,20030129,0.018469656992084433,0.05013192612137203,0.047493403693931395,0.05804749340369393,1,0,0,0,1,0,0,0,0,0,1,0,0,0,0,0,0,1,0,0,0,1,0.002638522427440633,0.002638522427440633,0.002638522427440633
2,10,28,15,110,109,1,20041106,0.5514511873350924,0.044854881266490766,0.036939313984168866,0.036939313984168866,1,0,0,0,0,0,1,0,0,0,0,0,0,0,1,0,0,1,0,0,0,1,0.002638522427440633,0.005277044854881266,0.002638522427440633
2,2,33,24,6,242,1,20161130,0.5514511873350924,0.029023746701846966,0.0316622691292876,0.029023746701846966,0,1,1,0,0,0,0,0,0,0,1,0,0,0,0,0,1,0,0,0,0,1,0.002638522427440633,0.002638522427440633,0.002638522427440633
3,6,51,26,-149,216,0,19991110,0.5514511873350924,0.044854881266490766,0.052770448548812667,0.0395778364116095,0,1,1,0,0,0,0,0,0,0,0,1,0,0,0,0,1,0,0,0,0,1,0.002638522427440633,0.0079155672823219,0.005277044854881266
1,6,19,12,122,13,0,20160120,0.0158311345646438,0.021108179419525065,0.023746701846965697,0.0316622691292876,1,0,0,0,0,0,1,0,0,0,0,0,0,0,1,0,0,1,0,0,0,1,0.002638522427440633,0.0079155672823219,0.002638522427440633
1,6,29,1,-6,18,1,20160305,0.1345646437994723,0.03430079155672823,0.04221635883905013,0.044854881266490766,1,0,0,0,0,0,0,1,0,0,1,0,0,0,0,0,0,0,0,1,0,1,0.002638522427440633,0.005277044854881266,0.005277044854881266
2,9,16,0,0,0,0,20020304,0.06596306068601583,0.036939313984168866,0.0316622691292876,0.047493403693931395,1,0,0,0,0,0,0,1,0,0,1,0,0,0,0,0,0,0,0,1,0,1,0.002638522427440633,0.002638522427440633,0.002638522427440633
1,6,25,12,-127,0,0,20121102,0.5514511873350924,0.026385224274406333,0.013192612137203167,0.026385224274406333,1,0,0,0,0,0,1,0,0,0,0,0,1,0,0,0,0,1,0,0,0,1,0.002638522427440633,0.002638522427440633,0.005277044854881266
4,9,42,0,0,1,1,20170319,0.005277044854881266,0.05013192612137203,0.0395778364116095,0.05804749340369393,1,0,0,0,0,0,0,1,0,0,1,0,0,0,0,0,0,0,0,1,0,1,0.002638522427440633,0.002638522427440633,0.0079155672823219
2,8,34,2,0,25,0,20140414,0.1345646437994723,0.03430079155672823,0.010554089709762533,0.029023746701846966,1,0,0,0,0,0,0,1,0,0,1,0,0,0,0,0,0,0,0,1,0,1,0.002638522427440633,0.002638522427440633,0.005277044854881266
3,7,1,2,19,8,0,20160408,0.1345646437994723,0.021108179419525065,0.023746701846965697,0.0158311345646438,1,0,0,0,0,0,0,1,0,0,1,0,0,0,0,0,0,0,0,1,0,1,0.002638522427440633,0.005277044854881266,0.005277044854881266
4,10,59,15,-143,57,0,19990217,0.5514511873350924,0.04221635883905013,0.029023746701846966,0.0316622691292876,1,0,0,0,0,0,1,0,0,0,0,0,1,0,0,0,0,1,0,0,0,1,0.002638522427440633,0.005277044854881266,0.002638522427440633
2,4,45,25,42,252,1,20120105,0.5514511873350924,0.0395778364116095,0.03430079155672823,0.03430079155672823,0,1,1,0,0,0,0,0,0,0,1,0,0,0,0,0,1,0,0,0,0,1,0.002638522427440633,0.0079155672823219,0.005277044854881266
1,10,16,16,167,-13,0,20020316,0.5514511873350924,0.0395778364116095,0.029023746701846966,0.0395778364116095,1,0,0,0,0,0,1,0,0,0,0,0,0,0,1,1,0,0,0,0,0,1,0.002638522427440633,0.002638522427440633,0.002638522427440633
3,3,33,0,0,0,1,20061222,0.005277044854881266,0.029023746701846966,0.047493403693931395,0.0316622691292876,1,0,0,0,0,0,0,1,0,0,1,0,0,0,0,0,0,0,0,1,0,1,0.002638522427440633,0.002638522427440633,0.005277044854881266
1,9,13,25,203,148,1,20011031,0.5514511873350924,0.023746701846965697,0.0316622691292876,0.0316622691292876,0,1,1,0,0,0,0,0,0,0,0,0,0,1,0,0,1,0,0,0,0,1,0.002638522427440633,0.005277044854881266,0.005277044854881266
4,5,59,14,148,23,0,20040217,0.5514511873350924,0.026385224274406333,0.036939313984168866,0.0395778364116095,1,0,0,0,0,0,1,0,0,0,0,0,0,0,1,0,0,1,0,0,0,1,0.002638522427440633,0.0079155672823219,0.002638522427440633
2,3,18,9,98,5,0,19991103,0.03430079155672823,0.005277044854881266,0.0395778364116095,0.013192612137203167,1,0,0,0,0,0,1,0,0,0,0,0,0,0,1,0,0,1,0,0,0,1,0.002638522427440633,0.010554089709762533,0.005277044854881266
3,7,33,19,-136,140,0,20180212,0.018469656992084433,0.0316622691292876,0.023746701846965697,0.03430079155672823,1,0,0,0,0,0,1,0,0,0,0,1,0,0,0,1,0,0,0,0,0,1,0.002638522427440633,0.002638522427440633,0.002638522427440633
1,8,42,0,0,0,1,20070119,0.1345646437994723,0.05013192612137203,0.036939313984168866,0.05804749340369393,1,0,0,0,0,0,0,1,0,0,1,0,0,0,0,0,0,0,0,1,0,1,0.005277044854881266,0.0079155672823219,0.005277044854881266
4,0,32,24,-8,247,1,20050327,0.5514511873350924,0.029023746701846966,0.0316622691292876,0.04221635883905013,0,1,1,0,0,0,0,0,0,0,1,0,0,0,0,0,1,0,0,0,0,1,0.002638522427440633,0.002638522427440633,0.002638522427440633
4,6,53,1,-5,15,0,20200110,0.06596306068601583,0.026385224274406333,0.036939313984168866,0.018469656992084433,1,0,0,0,0,0,0,1,0,0,1,0,0,0,0,0,0,0,0,1,0,1,0.002638522427440633,0.005277044854881266,0.002638522427440633
3,8,3,0,0,1,1,20160307,0.005277044854881266,0.05013192612137203,0.026385224274406333,0.013192612137203167,1,0,0,0,0,0,0,1,0,0,1,0,0,0,0,0,0,0,0,1,0,1,0.002638522427440633,0.005277044854881266,0.010554089709762533
1,9,19,0,0,0,1,20050227,0.010554089709762533,0.029023746701846966,0.04221635883905013,0.044854881266490766,1,0,0,0,0,0,0,1,0,0,1,0,0,0,0,0,0,0,0,1,0,1,0.002638522427440633,0.002638522427440633,0.002638522427440633
1,8,22,24,179,171,0,20070318,0.5514511873350924,0.018469656992084433,0.036939313984168866,0.021108179419525065,0,1,1,0,0,0,0,0,0,0,0,0,0,1,0,0,1,0,0,0,0,1,0.002638522427440633,0.002638522427440633,0.002638522427440633
3,1,8,24,105,224,0,20130308,0.5514511873350924,0.044854881266490766,0.052770448548812667,0.044854881266490766,0,1,1,0,0,0,0,0,0,0,0,0,0,1,0,0,1,0,0,0,0,1,0.002638522427440633,0.005277044854881266,0.002638522427440633
4,3,1,24,-70,235,0,19990402,0.5514511873350924,0.05013192612137203,0.04221635883905013,0.036939313984168866,0,1,1,0,0,0,0,0,0,0,1,0,0,0,0,0,1,0,0,0,0,1,0.002638522427440633,0.002638522427440633,0.002638522427440633
4,6,20,22,225,-3,0,20040402,0.5514511873350924,0.029023746701846966,0.047493403693931395,0.044854881266490766,0,1,0,0,0,0,0,0,1,0,0,0,0,0,1,0,1,0,0,0,0,1,0.002638522427440633,0.005277044854881266,0.002638522427440633
3,2,53,17,176,-2,0,20140303,0.5514511873350924,0.03430079155672823,0.013192612137203167,0.021108179419525065,1,0,0,0,0,0,1,0,0,0,0,0,0,0,1,1,0,0,0,0,0,1,0.002638522427440633,0.002638522427440633,0.002638522427440633
1,0,49,19,87,169,0,19980320,0.5514511873350924,0.03430079155672823,0.03430079155672823,0.013192612137203167,1,0,0,0,0,0,1,0,0,0,0,0,0,1,0,1,0,0,0,0,0,1,0.002638522427440633,0.005277044854881266,0.002638522427440633
1,5,29,9,90,33,0,20040324,0.03430079155672823,0.018469656992084433,0.0316622691292876,0.021108179419525065,1,0,0,0,0,0,1,0,0,0,0,0,0,0,1,0,0,1,0,0,0,1,0.002638522427440633,0.0079155672823219,0.002638522427440633
2,3,32,24,119,210,0,20151120,0.5514511873350924,0.018469656992084433,0.0316622691292876,0.018469656992084433,0,1,1,0,0,0,0,0,0,0,0,0,0,1,0,0,1,0,0,0,0,1,0.002638522427440633,0.005277044854881266,0.005277044854881266
3,2,18,7,73,12,0,20121215,0.03430079155672823,0.023746701846965697,0.023746701846965697,0.04221635883905013,1,0,0,0,1,0,0,0,0,0,1,0,0,0,0,0,0,0,0,1,0,1,0.002638522427440633,0.005277044854881266,0.002638522427440633
2,2,41,15,122,95,1,20160309,0.0158311345646438,0.018469656992084433,0.047493403693931395,0.018469656992084433,1,0,0,0,0,0,1,0,0,0,0,0,0,0,1,0,0,1,0,0,0,1,0.002638522427440633,0.002638522427440633,0.002638522427440633
4,11,25,16,-43,163,1,20071126,0.5514511873350924,0.0316622691292876,0.03430079155672823,0.03430079155672823,1,0,0,0,0,0,1,0,0,0,1,0,0,0,0,1,0,0,0,0,0,1,0.002638522427440633,0.005277044854881266,0.002638522427440633
1,4,15,23,42,229,0,19990214,0.5514511873350924,0.029023746701846966,0.04221635883905013,0.0316622691292876,1,0,0,0,0,0,1,0,0,0,1,0,0,0,0,1,0,0,0,0,0,1,0.002638522427440633,0.002638522427440633,0.0079155672823219
1,6,37,23,-230,0,1,20031219,0.5514511873350924,0.018469656992084433,0.0316622691292876,0.04221635883905013,0,1,0,0,0,1,0,0,0,0,0,0,1,0,0,0,1,0,0,0,0,1,0.002638522427440633,0.002638522427440633,0.002638522427440633
2,3,38,27,-81,258,0,20191122,0.5514511873350924,0.03430079155672823,0.03430079155672823,0.029023746701846966,0,1,1,0,0,0,0,0,0,0,1,0,0,0,0,0,1,0,0,0,0,1,0.002638522427440633,0.005277044854881266,0.002638522427440633
1,0,34,3,-37,15,0,20011114,0.5514511873350924,0.03430079155672823,0.03430079155672823,0.03430079155672823,1,0,0,0,0,0,0,1,0,0,1,0,0,0,0,0,0,0,0,1,0,1,0.002638522427440633,0.005277044854881266,0.0079155672823219
3,6,19,0,0,0,1,20040120,0.06596306068601583,0.0395778364116095,0.023746701846965697,0.029023746701846966,1,0,0,0,0,0,0,1,0,0,1,0,0,0,0,0,0,0,0,1,0,1,0.002638522427440633,0.005277044854881266,0.0079155672823219
4,7,45,17,-164,63,1,19991112,0.5514511873350924,0.0395778364116095,0.047493403693931395,0.021108179419525065,1,0,0,0,0,0,1,0,0,0,0,0,1,0,0,1,0,0,0,0,0,1,0.002638522427440633,0.005277044854881266,0.002638522427440633
3,9,56,25,-117,225,1,20181223,0.5514511873350924,0.0316622691292876,0.047493403693931395,0.0316622691292876,0,1,1,0,0,0,0,0,0,0,0,1,0,0,0,0,1,0,0,0,0,1,0.002638522427440633,0.0079155672823219,0.002638522427440633
4,10,43,18,-189,7,1,20001129,0.5514511873350924,0.03430079155672823,0.047493403693931395,0.04221635883905013,1,0,0,0,0,0,1,0,0,0,0,0,1,0,0,1,0,0,0,0,0,1,0.002638522427440633,0.005277044854881266,0.005277044854881266
4,1,35,1,-10,6,1,20131113,0.010554089709762533,0.023746701846965697,0.0316622691292876,0.047493403693931395,1,0,0,0,0,0,0,1,0,0,1,0,0,0,0,0,0,0,0,1,0,1,0.002638522427440633,0.002638522427440633,0.002638522427440633
4,8,3,25,57,246,0,20171119,0.5514511873350924,0.03430079155672823,0.04221635883905013,0.021108179419525065,0,1,1,0,0,0,0,0,0,0,1,0,0,0,0,0,1,0,0,0,0,1,0.002638522427440633,0.002638522427440633,0.002638522427440633
1,3,51,6,57,26,0,20191221,0.0079155672823219,0.023746701846965697,0.0316622691292876,0.0316622691292876,1,0,0,0,1,0,0,0,0,0,1,0,0,0,0,0,0,0,0,1,0,1,0.002638522427440633,0.005277044854881266,0.005277044854881266
2,5,32,16,-162,-12,0,20000325,0.5514511873350924,0.021108179419525065,0.023746701846965697,0.04221635883905013,1,0,0,0,0,0,1,0,0,0,0,0,1,0,0,1,0,0,0,0,0,1,0.002638522427440633,0.005277044854881266,0.005277044854881266
1,9,0,25,154,204,1,20021031,0.5514511873350924,0.044854881266490766,0.03430079155672823,0.036939313984168866,0,1,1,0,0,0,0,0,0,0,0,0,0,1,0,0,1,0,0,0,0,1,0.002638522427440633,0.0079155672823219,0.002638522427440633
2,1,43,10,-25,101,1,20180403,0.018469656992084433,0.0316622691292876,0.04221635883905013,0.03430079155672823,1,0,0,0,1,0,0,0,0,0,1,0,0,0,0,0,0,1,0,0,0,1,0.002638522427440633,0.002638522427440633,0.002638522427440633
4,7,27,12,-127,23,1,20090609,0.010554089709762533,0.0395778364116095,0.047493403693931395,0.036939313984168866,1,0,0,0,0,0,1,0,0,0,0,0,1,0,0,0,0,1,0,0,1,0,0.002638522427440633,0.002638522427440633,0.002638522427440633
4,9,33,0,-4,9,1,20101118,0.005277044854881266,0.05013192612137203,0.047493403693931395,0.047493403693931395,1,0,0,0,0,0,0,1,0,0,1,0,0,0,0,0,0,0,0,1,0,1,0.002638522427440633,0.005277044854881266,0.002638522427440633
3,0,20,4,47,5,0,20171117,0.06596306068601583,0.026385224274406333,0.013192612137203167,0.026385224274406333,1,0,0,0,1,0,0,0,0,0,1,0,0,0,0,0,0,0,0,1,0,1,0.002638522427440633,0.002638522427440633,0.002638522427440633
1,5,51,22,225,33,1,20160411,0.5514511873350924,0.026385224274406333,0.023746701846965697,0.03430079155672823,0,1,0,0,0,0,0,0,1,0,0,0,0,0,1,0,1,0,0,0,0,1,0.002638522427440633,0.005277044854881266,0.005277044854881266
4,0,12,27,-96,254,1,20161129,0.5514511873350924,0.018469656992084433,0.0079155672823219,0.036939313984168866,0,1,1,0,0,0,0,0,0,0,0,1,0,0,0,0,1,0,0,0,0,1,0.002638522427440633,0.002638522427440633,0.002638522427440633
4,0,57,21,-18,214,1,19971121,0.5514511873350924,0.026385224274406333,0.03430079155672823,0.029023746701846966,1,0,0,0,0,0,1,0,0,0,1,0,0,0,0,1,0,0,0,0,0,1,0.002638522427440633,0.002638522427440633,0.002638522427440633
3,10,29,16,113,116,0,20141226,0.5514511873350924,0.04221635883905013,0.029023746701846966,0.03430079155672823,1,0,0,0,0,0,1,0,0,0,0,0,0,1,0,1,0,0,0,0,0,1,0.002638522427440633,0.002638522427440633,0.005277044854881266
3,9,52,9,21,90,0,20191106,0.018469656992084433,0.023746701846965697,0.0316622691292876,0.0316622691292876,1,0,0,0,1,0,0,0,0,0,1,0,0,0,0,0,0,1,0,0,0,1,0.002638522427440633,0.005277044854881266,0.002638522427440633
3,6,53,24,243,36,0,20151225,0.5514511873350924,0.0395778364116095,0.0395778364116095,0.04221635883905013,0,1,0,0,0,0,0,0,1,0,0,0,0,0,1,0,1,0,0,0,0,1,0.002638522427440633,0.002638522427440633,0.002638522427440633
1,8,51,0,0,0,1,20011207,0.018469656992084433,0.0079155672823219,0.023746701846965697,0.002638522427440633,1,0,0,0,0,0,0,1,0,0,1,0,0,0,0,0,0,0,0,1,0,1,0.002638522427440633,0.005277044854881266,0.002638522427440633
4,10,15,5,58,11,0,20141105,0.5514511873350924,0.0395778364116095,0.047493403693931395,0.04221635883905013,1,0,0,0,1,0,0,0,0,0,1,0,0,0,0,0,0,0,0,1,0,1,0.002638522427440633,0.0079155672823219,0.002638522427440633
2,3,30,14,-141,-16,0,20060121,0.5514511873350924,0.023746701846965697,0.029023746701846966,0.029023746701846966,1,0,0,0,0,0,1,0,0,0,0,0,1,0,0,0,0,1,0,0,0,1,0.002638522427440633,0.002638522427440633,0.002638522427440633
4,10,34,24,154,194,0,20060124,0.5514511873350924,0.05013192612137203,0.047493403693931395,0.047493403693931395,0,1,1,0,0,0,0,0,0,0,0,0,0,1,0,0,1,0,0,0,0,1,0.002638522427440633,0.002638522427440633,0.002638522427440633
2,6,23,14,143,13,0,20050103,0.5514511873350924,0.0395778364116095,0.036939313984168866,0.04221635883905013,1,0,0,0,0,0,1,0,0,0,0,0,0,0,1,0,0,1,0,0,0,1,0.002638522427440633,0.005277044854881266,0.002638522427440633
2,6,29,0,0,0,1,20010317,0.1345646437994723,0.03430079155672823,0.010554089709762533,0.0395778364116095,1,0,0,0,0,0,0,1,0,0,1,0,0,0,0,0,0,0,0,1,0,1,0.002638522427440633,0.0079155672823219,0.002638522427440633
4,5,49,0,0,0,0,20060226,0.06596306068601583,0.0395778364116095,0.03430079155672823,0.03430079155672823,1,0,0,0,0,0,0,1,0,0,1,0,0,0,0,0,0,0,0,1,0,1,0.002638522427440633,0.005277044854881266,0.002638522427440633
4,9,37,0,0,0,0,20041117,0.06596306068601583,0.026385224274406333,0.03430079155672823,0.010554089709762533,1,0,0,0,0,0,0,1,0,0,1,0,0,0,0,0,0,0,0,1,0,1,0.002638522427440633,0.002638522427440633,0.005277044854881266
1,4,34,18,118,148,0,20050226,0.5514511873350924,0.029023746701846966,0.036939313984168866,0.04221635883905013,1,0,0,0,0,0,1,0,0,0,0,0,0,1,0,1,0,0,0,0,0,1,0.002638522427440633,0.013192612137203167,0.002638522427440633
4,9,56,0,0,0,1,20081114,0.010554089709762533,0.023746701846965697,0.023746701846965697,0.026385224274406333,1,0,0,0,0,0,0,1,0,0,1,0,0,0,0,0,0,0,0,1,0,1,0.002638522427440633,0.0079155672823219,0.002638522427440633
1,7,51,20,143,143,0,19980224,0.5514511873350924,0.005277044854881266,0.03430079155672823,0.013192612137203167,1,0,0,0,0,0,1,0,0,0,0,0,0,1,0,1,0,0,0,0,0,1,0.002638522427440633,0.005277044854881266,0.002638522427440633
4,1,46,24,-240,41,0,20051104,0.5514511873350924,0.023746701846965697,0.047493403693931395,0.013192612137203167,0,1,0,0,0,1,0,0,0,0,0,0,1,0,0,0,1,0,0,0,0,1,0.002638522427440633,0.0079155672823219,0.002638522427440633
2,4,0,13,121,57,0,20020105,0.5514511873350924,0.0395778364116095,0.04221635883905013,0.03430079155672823,1,0,0,0,0,0,1,0,0,0,0,0,0,0,1,0,0,1,0,0,0,1,0.002638522427440633,0.005277044854881266,0.010554089709762533
3,8,43,12,-106,63,1,20200109,0.018469656992084433,0.044854881266490766,0.047493403693931395,0.036939313984168866,1,0,0,0,0,0,1,0,0,0,0,0,1,0,0,0,0,1,0,0,0,1,0.002638522427440633,0.0079155672823219,0.002638522427440633
3,10,58,0,0,0,1,20070324,0.06596306068601583,0.029023746701846966,0.04221635883905013,0.04221635883905013,1,0,0,0,0,0,0,1,0,0,1,0,0,0,0,0,0,0,0,1,0,1,0.002638522427440633,0.002638522427440633,0.005277044854881266
3,10,44,25,-187,169,1,20001202,0.5514511873350924,0.03430079155672823,0.03430079155672823,0.0316622691292876,0,1,1,0,0,0,0,0,0,0,0,1,0,0,0,0,1,0,0,0,0,1,0.005277044854881266,0.005277044854881266,0.005277044854881266
2,0,2,23,-237,-31,1,20151206,0.5514511873350924,0.021108179419525065,0.013192612137203167,0.0316622691292876,0,1,0,0,0,1,0,0,0,0,0,0,1,0,0,0,1,0,0,0,0,1,0.002638522427440633,0.002638522427440633,0.005277044854881266
1,11,25,0,0,0,1,20071123,0.018469656992084433,0.036939313984168866,0.0316622691292876,0.047493403693931395,1,0,0,0,0,0,0,1,0,0,1,0,0,0,0,0,0,0,0,1,0,1,0.002638522427440633,0.002638522427440633,0.002638522427440633
1,9,10,18,-119,141,1,19980410,0.5514511873350924,0.05013192612137203,0.0395778364116095,0.047493403693931395,1,0,0,0,0,0,1,0,0,0,0,1,0,0,0,1,0,0,0,0,0,1,0.002638522427440633,0.002638522427440633,0.0079155672823219
3,7,33,5,-5,58,0,20190323,0.5514511873350924,0.018469656992084433,0.023746701846965697,0.03430079155672823,1,0,0,0,1,0,0,0,0,0,1,0,0,0,0,0,0,0,0,1,0,1,0.002638522427440633,0.005277044854881266,0.002638522427440633
1,8,11,25,156,199,1,20050204,0.5514511873350924,0.03430079155672823,0.026385224274406333,0.04221635883905013,0,1,1,0,0,0,0,0,0,0,0,0,0,1,0,0,1,0,0,0,0,1,0.002638522427440633,0.0079155672823219,0.002638522427440633
4,2,28,0,-1,7,0,20161110,0.1345646437994723,0.0395778364116095,0.029023746701846966,0.018469656992084433,1,0,0,0,0,0,0,1,0,0,1,0,0,0,0,0,0,0,0,1,0,1,0.002638522427440633,0.002638522427440633,0.0079155672823219
2,2,32,25,-142,217,0,20061104,0.5514511873350924,0.026385224274406333,0.036939313984168866,0.03430079155672823,0,1,1,0,0,0,0,0,0,0,0,1,0,0,0,0,1,0,0,0,0,1,0.002638522427440633,0.0079155672823219,0.005277044854881266
4,9,17,16,-162,40,0,20010225,0.5514511873350924,0.05013192612137203,0.029023746701846966,0.05804749340369393,1,0,0,0,0,0,1,0,0,0,0,0,1,0,0,1,0,0,0,0,0,1,0.002638522427440633,0.0079155672823219,0.002638522427440633
1,5,40,25,-49,248,0,20191110,0.5514511873350924,0.0395778364116095,0.013192612137203167,0.03430079155672823,0,1,1,0,0,0,0,0,0,0,1,0,0,0,0,0,1,0,0,0,0,1,0.002638522427440633,0.005277044854881266,0.002638522427440633
1,1,4,5,-25,46,0,20030118,0.5514511873350924,0.023746701846965697,0.0316622691292876,0.0316622691292876,1,0,0,0,1,0,0,0,0,0,1,0,0,0,0,0,0,0,0,1,0,1,0.002638522427440633,0.005277044854881266,0.002638522427440633
1,7,52,12,113,44,0,20150404,0.5514511873350924,0.0395778364116095,0.029023746701846966,0.04221635883905013,1,0,0,0,0,0,1,0,0,0,0,0,0,0,1,0,0,1,0,0,0,1,0.002638522427440633,0.010554089709762533,0.002638522427440633
2,11,14,15,149,27,0,19990228,0.5514511873350924,0.0395778364116095,0.036939313984168866,0.013192612137203167,1,0,0,0,0,0,1,0,0,0,0,0,0,0,1,0,0,1,0,0,0,1,0.002638522427440633,0.005277044854881266,0.002638522427440633
3,8,48,6,2,66,0,20141205,0.5514511873350924,0.0395778364116095,0.03430079155672823,0.03430079155672823,1,0,0,0,1,0,0,0,0,0,1,0,0,0,0,0,0,0,0,1,0,1,0.002638522427440633,0.005277044854881266,0.005277044854881266
1,7,21,8,-46,72,1,20000419,0.03430079155672823,0.029023746701846966,0.026385224274406333,0.04221635883905013,1,0,0,0,1,0,0,0,0,0,0,0,1,0,0,0,0,1,0,0,0,1,0.002638522427440633,0.005277044854881266,0.002638522427440633
3,10,1,15,-153,23,0,20080524,0.5514511873350924,0.04221635883905013,0.029023746701846966,0.036939313984168866,1,0,0,0,0,0,1,0,0,0,0,0,1,0,0,0,0,1,0,0,1,0,0.002638522427440633,0.002638522427440633,0.0079155672823219
3,4,12,24,196,143,0,20110406,0.5514511873350924,0.021108179419525065,0.023746701846965697,0.029023746701846966,0,1,1,0,0,0,0,0,0,0,0,0,0,1,0,0,1,0,0,0,0,1,0.002638522427440633,0.0079155672823219,0.002638522427440633
1,6,37,8,89,10,0,20000128,0.5514511873350924,0.05013192612137203,0.052770448548812667,0.047493403693931395,1,0,0,0,0,0,1,0,0,0,0,0,0,0,1,0,0,1,0,0,0,1,0.002638522427440633,0.005277044854881266,0.002638522427440633
3,4,25,13,134,4,1,20020512,0.5514511873350924,0.0316622691292876,0.029023746701846966,0.036939313984168866,1,0,0,0,0,0,1,0,0,0,0,0,0,0,1,0,0,1,0,0,1,0,0.002638522427440633,0.0079155672823219,0.002638522427440633
4,6,34,10,88,61,1,20100409,0.005277044854881266,0.03430079155672823,0.03430079155672823,0.021108179419525065,1,0,0,0,0,0,1,0,0,0,0,0,0,0,1,0,0,1,0,0,0,1,0.002638522427440633,0.002638522427440633,0.002638522427440633
3,10,50,4,46,10,0,20040218,0.5514511873350924,0.029023746701846966,0.0316622691292876,0.04221635883905013,1,0,0,0,1,0,0,0,0,0,1,0,0,0,0,0,0,0,0,1,0,1,0.002638522427440633,0.005277044854881266,0.005277044854881266
4,9,47,25,-91,236,0,20180228,0.5514511873350924,0.018469656992084433,0.047493403693931395,0.021108179419525065,0,1,1,0,0,0,0,0,0,0,0,1,0,0,0,0,1,0,0,0,0,1,0.002638522427440633,0.002638522427440633,0.002638522427440633
4,2,22,12,-67,106,0,20001229,0.5514511873350924,0.018469656992084433,0.023746701846965697,0.026385224274406333,1,0,0,0,1,0,0,0,0,0,0,0,1,0,0,0,0,1,0,0,0,1,0.002638522427440633,0.005277044854881266,0.002638522427440633
1,0,37,23,-234,14,1,20081124,0.5514511873350924,0.023746701846965697,0.0316622691292876,0.03430079155672823,0,1,0,0,0,1,0,0,0,0,0,0,1,0,0,0,1,0,0,0,0,1,0.002638522427440633,0.0079155672823219,0.002638522427440633
1,11,3,1,-16,3,0,20151229,0.005277044854881266,0.03430079155672823,0.0316622691292876,0.044854881266490766,1,0,0,0,0,0,0,1,0,0,1,0,0,0,0,0,0,0,0,1,0,1,0.002638522427440633,0.002638522427440633,0.002638522427440633
2,0,27,16,151,69,0,20130313,0.5514511873350924,0.026385224274406333,0.013192612137203167,0.026385224274406333,1,0,0,0,0,0,1,0,0,0,0,0,0,0,1,1,0,0,0,0,0,1,0.002638522427440633,0.002638522427440633,0.005277044854881266
2,8,11,2,21,6,0,20120314,0.1345646437994723,0.029023746701846966,0.029023746701846966,0.04221635883905013,1,0,0,0,0,0,0,1,0,0,1,0,0,0,0,0,0,0,0,1,0,1,0.002638522427440633,0.002638522427440633,0.002638522427440633
4,9,9,9,0,99,0,20060314,0.5514511873350924,0.0316622691292876,0.029023746701846966,0.0079155672823219,1,0,0,0,1,0,0,0,0,0,1,0,0,0,0,0,0,1,0,0,0,1,0.002638522427440633,0.0079155672823219,0.002638522427440633
3,3,31,12,128,5,1,20181214,0.002638522427440633,0.044854881266490766,0.052770448548812667,0.044854881266490766,1,0,0,0,0,0,1,0,0,0,0,0,0,0,1,0,0,1,0,0,0,1,0.002638522427440633,0.002638522427440633,0.002638522427440633
1,10,43,13,-56,127,0,20191203,0.018469656992084433,0.023746701846965697,0.04221635883905013,0.021108179419525065,1,0,0,0,1,0,0,0,0,0,1,0,0,0,0,0,0,1,0,0,0,1,0.002638522427440633,0.0079155672823219,0.005277044854881266
4,10,51,7,27,75,1,20170421,0.0079155672823219,0.03430079155672823,0.03430079155672823,0.036939313984168866,1,0,0,0,1,0,0,0,0,0,1,0,0,0,0,0,0,0,0,1,1,0,0.002638522427440633,0.005277044854881266,0.010554089709762533
3,9,7,18,-56,176,1,20021117,0.5514511873350924,0.0395778364116095,0.047493403693931395,0.04221635883905013,1,0,0,0,0,0,1,0,0,0,1,0,0,0,0,1,0,0,0,0,0,1,0.002638522427440633,0.002638522427440633,0.002638522427440633
4,3,33,2,0,20,0,20130123,0.1345646437994723,0.0395778364116095,0.0316622691292876,0.029023746701846966,1,0,0,0,0,0,0,1,0,0,1,0,0,0,0,0,0,0,0,1,0,1,0.002638522427440633,0.005277044854881266,0.002638522427440633
3,7,6,26,-215,150,1,20070119,0.5514511873350924,0.0395778364116095,0.036939313984168866,0.05804749340369393,0,1,1,0,0,0,0,0,0,0,0,1,0,0,0,0,1,0,0,0,0,1,0.005277044854881266,0.002638522427440633,0.002638522427440633
1,9,9,19,-100,173,0,20080303,0.5514511873350924,0.0158311345646438,0.036939313984168866,0.010554089709762533,1,0,0,0,0,0,1,0,0,0,0,1,0,0,0,1,0,0,0,0,0,1,0.002638522427440633,0.002638522427440633,0.005277044854881266
4,8,51,22,226,-8,0,20010405,0.5514511873350924,0.0395778364116095,0.036939313984168866,0.03430079155672823,0,1,0,0,0,0,0,0,1,0,0,0,0,0,1,0,1,0,0,0,0,1,0.002638522427440633,0.002638522427440633,0.002638522427440633
2,4,56,22,-222,7,1,20021206,0.5514511873350924,0.0158311345646438,0.013192612137203167,0.018469656992084433,0,1,0,0,0,1,0,0,0,0,0,0,1,0,0,0,1,0,0,0,0,1,0.002638522427440633,0.0079155672823219,0.002638522427440633
1,3,31,0,0,0,1,20000112,0.06596306068601583,0.05013192612137203,0.0316622691292876,0.05804749340369393,1,0,0,0,0,0,0,1,0,0,1,0,0,0,0,0,0,0,0,1,0,1,0.002638522427440633,0.002638522427440633,0.002638522427440633
4,10,5,9,64,75,1,20141128,0.5514511873350924,0.05013192612137203,0.036939313984168866,0.047493403693931395,1,0,0,0,1,0,0,0,0,0,0,0,0,0,1,0,0,1,0,0,0,1,0.002638522427440633,0.005277044854881266,0.005277044854881266
2,7,53,2,-15,14,1,20130201,0.010554089709762533,0.0395778364116095,0.026385224274406333,0.0316622691292876,1,0,0,0,0,0,0,1,0,0,1,0,0,0,0,0,0,0,0,1,0,1,0.002638522427440633,0.005277044854881266,0.002638522427440633
3,9,32,1,12,11,1,20141209,0.06596306068601583,0.023746701846965697,0.0316622691292876,0.03430079155672823,1,0,0,0,0,0,0,1,0,0,1,0,0,0,0,0,0,0,0,1,0,1,0.002638522427440633,0.002638522427440633,0.0079155672823219
1,1,9,25,-217,140,0,20060321,0.5514511873350924,0.023746701846965697,0.023746701846965697,0.04221635883905013,0,1,1,0,0,0,0,0,0,0,0,1,0,0,0,0,1,0,0,0,0,1,0.002638522427440633,0.002638522427440633,0.002638522427440633
2,9,16,23,234,20,1,20140222,0.5514511873350924,0.044854881266490766,0.03430079155672823,0.036939313984168866,0,1,0,0,0,0,0,0,1,0,0,0,0,0,1,0,1,0,0,0,0,1,0.002638522427440633,0.010554089709762533,0.002638522427440633
3,0,30,4,18,40,0,20000328,0.5514511873350924,0.0316622691292876,0.0316622691292876,0.03430079155672823,1,0,0,0,1,0,0,0,0,0,1,0,0,0,0,0,0,0,0,1,0,1,0.002638522427440633,0.005277044854881266,0.005277044854881266
1,2,18,24,148,200,0,20151127,0.5514511873350924,0.005277044854881266,0.013192612137203167,0.0395778364116095,0,1,1,0,0,0,0,0,0,0,0,0,0,1,0,0,1,0,0,0,0,1,0.002638522427440633,0.005277044854881266,0.005277044854881266
3,2,49,25,-168,189,0,20190316,0.5514511873350924,0.0395778364116095,0.036939313984168866,0.03430079155672823,0,1,1,0,0,0,0,0,0,0,0,1,0,0,0,0,1,0,0,0,0,1,0.002638522427440633,0.005277044854881266,0.002638522427440633
4,7,43,17,173,-11,1,20120311,0.5514511873350924,0.044854881266490766,0.0395778364116095,0.036939313984168866,1,0,0,0,0,0,1,0,0,0,0,0,0,0,1,1,0,0,0,0,0,1,0.002638522427440633,0.002638522427440633,0.0079155672823219
2,1,41,19,190,0,1,20071111,0.5514511873350924,0.0316622691292876,0.036939313984168866,0.0316622691292876,1,0,0,0,0,0,1,0,0,0,0,0,0,0,1,1,0,0,0,0,0,1,0.002638522427440633,0.005277044854881266,0.002638522427440633
1,5,31,23,-235,45,1,20071205,0.5514511873350924,0.023746701846965697,0.0316622691292876,0.013192612137203167,0,1,0,0,0,1,0,0,0,0,0,0,1,0,0,0,1,0,0,0,0,1,0.002638522427440633,0.002638522427440633,0.005277044854881266
1,8,26,16,-164,18,0,20030219,0.5514511873350924,0.05013192612137203,0.04221635883905013,0.018469656992084433,1,0,0,0,0,0,1,0,0,0,0,0,1,0,0,1,0,0,0,0,0,1,0.002638522427440633,0.0079155672823219,0.002638522427440633
4,3,17,6,-31,58,1,20041226,0.0079155672823219,0.029023746701846966,0.0316622691292876,0.04221635883905013,1,0,0,0,1,0,0,0,0,0,1,0,0,0,0,0,0,0,0,1,0,1,0.002638522427440633,0.0079155672823219,0.005277044854881266
2,2,28,9,14,89,0,20090505,0.5514511873350924,0.05013192612137203,0.026385224274406333,0.044854881266490766,1,0,0,0,1,0,0,0,0,0,1,0,0,0,0,0,0,1,0,0,1,0,0.002638522427440633,0.005277044854881266,0.002638522427440633
3,5,40,26,-107,247,0,20050306,0.5514511873350924,0.0395778364116095,0.0395778364116095,0.03430079155672823,0,1,1,0,0,0,0,0,0,0,0,1,0,0,0,0,1,0,0,0,0,1,0.002638522427440633,0.002638522427440633,0.002638522427440633
2,9,53,24,189,151,0,20110306,0.5514511873350924,0.0395778364116095,0.029023746701846966,0.036939313984168866,0,1,1,0,0,0,0,0,0,0,0,0,0,1,0,0,1,0,0,0,0,1,0.002638522427440633,0.002638522427440633,0.002638522427440633
1,3,49,0,0,1,1,20170328,0.005277044854881266,0.0395778364116095,0.0395778364116095,0.04221635883905013,1,0,0,0,0,0,0,1,0,0,1,0,0,0,0,0,0,0,0,1,0,1,0.002638522427440633,0.002638522427440633,0.002638522427440633
1,7,14,14,-7,143,0,20100118,0.5514511873350924,0.026385224274406333,0.04221635883905013,0.021108179419525065,1,0,0,0,0,0,1,0,0,0,1,0,0,0,0,0,0,1,0,0,0,1,0.002638522427440633,0.010554089709762533,0.002638522427440633
2,11,40,15,-77,137,0,20001228,0.5514511873350924,0.0395778364116095,0.026385224274406333,0.03430079155672823,1,0,0,0,1,0,0,0,0,0,1,0,0,0,0,0,0,1,0,0,0,1,0.002638522427440633,0.002638522427440633,0.010554089709762533
2,5,41,11,-117,9,1,20020420,0.018469656992084433,0.018469656992084433,0.029023746701846966,0.010554089709762533,1,0,0,0,0,0,1,0,0,0,0,0,1,0,0,0,0,1,0,0,1,0,0.002638522427440633,0.010554089709762533,0.002638522427440633
1,0,2,0,0,0,0,20020123,0.1345646437994723,0.0316622691292876,0.023746701846965697,0.03430079155672823,1,0,0,0,0,0,0,1,0,0,1,0,0,0,0,0,0,0,0,1,0,1,0.002638522427440633,0.002638522427440633,0.005277044854881266
4,7,6,0,0,0,0,20090124,0.005277044854881266,0.026385224274406333,0.0316622691292876,0.021108179419525065,1,0,0,0,0,0,0,1,0,0,1,0,0,0,0,0,0,0,0,1,0,1,0.002638522427440633,0.002638522427440633,0.002638522427440633
1,7,51,0,0,0,1,20050410,0.0079155672823219,0.0395778364116095,0.03430079155672823,0.036939313984168866,1,0,0,0,0,0,0,1,0,0,1,0,0,0,0,0,0,0,0,1,0,1,0.002638522427440633,0.005277044854881266,0.002638522427440633
4,4,1,25,102,235,0,20120120,0.5514511873350924,0.05013192612137203,0.052770448548812667,0.047493403693931395,0,1,1,0,0,0,0,0,0,0,0,0,0,1,0,0,1,0,0,0,0,1,0.002638522427440633,0.002638522427440633,0.0079155672823219
2,4,36,20,129,159,0,20120327,0.5514511873350924,0.0316622691292876,0.04221635883905013,0.03430079155672823,1,0,0,0,0,0,1,0,0,0,0,0,0,1,0,1,0,0,0,0,0,1,0.002638522427440633,0.0079155672823219,0.002638522427440633
4,7,14,0,0,0,0,19971218,0.1345646437994723,0.05013192612137203,0.023746701846965697,0.047493403693931395,1,0,0,0,0,0,0,1,0,0,1,0,0,0,0,0,0,0,0,1,0,1,0.002638522427440633,0.0079155672823219,0.005277044854881266
1,3,41,16,162,5,0,20000205,0.5514511873350924,0.021108179419525065,0.04221635883905013,0.03430079155672823,1,0,0,0,0,0,1,0,0,0,0,0,0,0,1,1,0,0,0,0,0,1,0.002638522427440633,0.005277044854881266,0.002638522427440633
1,5,21,25,22,252,0,20181212,0.5514511873350924,0.05013192612137203,0.026385224274406333,0.029023746701846966,0,1,1,0,0,0,0,0,0,0,1,0,0,0,0,0,1,0,0,0,0,1,0.002638522427440633,0.013192612137203167,0.0079155672823219
2,7,38,0,0,-6,1,20181210,0.005277044854881266,0.0395778364116095,0.029023746701846966,0.05804749340369393,1,0,0,0,0,0,0,1,0,0,1,0,0,0,0,0,0,0,0,1,0,1,0.002638522427440633,0.002638522427440633,0.002638522427440633
3,0,40,19,15,196,0,20070429,0.5514511873350924,0.03430079155672823,0.036939313984168866,0.021108179419525065,1,0,0,0,0,0,1,0,0,0,1,0,0,0,0,1,0,0,0,0,1,0,0.002638522427440633,0.002638522427440633,0.005277044854881266
2,4,41,25,185,172,0,20150201,0.5514511873350924,0.0395778364116095,0.036939313984168866,0.036939313984168866,0,1,1,0,0,0,0,0,0,0,0,0,0,1,0,0,1,0,0,0,0,1,0.002638522427440633,0.002638522427440633,0.0079155672823219
4,9,59,0,0,0,1,20031223,0.1345646437994723,0.0316622691292876,0.036939313984168866,0.04221635883905013,1,0,0,0,0,0,0,1,0,0,1,0,0,0,0,0,0,0,0,1,0,1,0.002638522427440633,0.0079155672823219,0.010554089709762533
2,4,56,25,-185,171,0,20200103,0.5514511873350924,0.03430079155672823,0.052770448548812667,0.044854881266490766,0,1,1,0,0,0,0,0,0,0,0,1,0,0,0,0,1,0,0,0,0,1,0.002638522427440633,0.005277044854881266,0.0079155672823219
4,1,24,19,190,0,0,20150413,0.5514511873350924,0.0395778364116095,0.047493403693931395,0.03430079155672823,1,0,0,0,0,0,1,0,0,0,0,0,0,0,1,1,0,0,0,0,0,1,0.002638522427440633,0.002638522427440633,0.002638522427440633
4,3,31,25,-44,255,0,20040107,0.5514511873350924,0.0395778364116095,0.047493403693931395,0.04221635883905013,0,1,1,0,0,0,0,0,0,0,1,0,0,0,0,0,1,0,0,0,0,1,0.002638522427440633,0.005277044854881266,0.002638522427440633
1,8,9,0,2,-2,0,20100513,0.1345646437994723,0.05013192612137203,0.052770448548812667,0.05804749340369393,1,0,0,0,0,0,0,1,0,0,1,0,0,0,0,0,0,0,0,1,1,0,0.002638522427440633,0.002638522427440633,0.002638522427440633
2,11,28,15,-132,72,1,20000317,0.03430079155672823,0.0395778364116095,0.029023746701846966,0.036939313984168866,1,0,0,0,0,0,1,0,0,0,0,0,1,0,0,0,0,1,0,0,0,1,0.002638522427440633,0.002638522427440633,0.002638522427440633
2,5,26,12,-57,108,1,20110104,0.010554089709762533,0.0316622691292876,0.036939313984168866,0.03430079155672823,1,0,0,0,1,0,0,0,0,0,1,0,0,0,0,0,0,1,0,0,0,1,0.002638522427440633,0.005277044854881266,0.010554089709762533
2,9,53,25,32,257,0,20200102,0.5514511873350924,0.0316622691292876,0.036939313984168866,0.021108179419525065,0,1,1,0,0,0,0,0,0,0,1,0,0,0,0,0,1,0,0,0,0,1,0.002638522427440633,0.002638522427440633,0.005277044854881266
3,0,21,16,19,159,0,20170302,0.5514511873350924,0.0079155672823219,0.04221635883905013,0.029023746701846966,1,0,0,0,0,0,1,0,0,0,1,0,0,0,0,1,0,0,0,0,0,1,0.002638522427440633,0.002638522427440633,0.005277044854881266
