Game ID,Game Event ID,Player ID,Player Name,Team ID,Team Name,Period,Minutes Remaining,Seconds Remaining,Action Type,Shot Type,Shot Zone Basic,Shot Zone Area,Shot Zone Range,Shot Distance,X Location,Y Location,Shot Made Flag,Game Date,Home Team,Away Team,Season Type
20101065,258,1905,Andrei Kirilenko,1610612762,Utah Jazz,3,9,28,Jump Shot,2PT Field Goal,Mid-Range,Left Side(L),16-24 ft.,16,-157,63,0,20020402,DEN,UTA,Regular Season
21300257,250,202329,Al-Farouq Aminu,1610612740,New Orleans Pelicans,3,10,34,Jump Shot,2PT Field Goal,Mid-Range,Left Side(L),8-16 ft.,12,-109,61,1,20131202,CHI,NOP,Regular Season
40600134,354,2804,Andres Nocioni,1610612741,Chicago Bulls,3,0,40,Jump Shot,2PT Field Goal,Mid-Range,Center(C),16-24 ft.,19,15,196,0,20070429,MIA,CHI,Playoffs
29700617,274,400,Derek Strong,1610612753,Orlando Magic,3,3,5,Jump Shot,2PT Field Goal,Mid-Range,Left Side Center(LC),16-24 ft.,18,-149,109,1,19980128,DET,ORL,Regular Season
20900592,146,2045,Hedo Turkoglu,1610612761,Toronto Raptors,2,7,38,Jump Shot,3PT Field Goal,Above the Break 3,Left Side Center(LC),24+ ft.,24,-166,184,0,20100117,TOR,DAL,Regular Season
20500992,10,1712,Antawn Jamison,1610612764,Washington Wizards,1,10,37,Jump Shot,2PT Field Goal,Mid-Range,Right Side(R),16-24 ft.,17,172,-24,0,20060321,WAS,NJN,Regular Season
21400572,258,201574,Jason Thompson,1610612758,Sacramento Kings,3,9,51,Jump Shot,2PT Field Goal,Mid-Range,Left Side Center(LC),16-24 ft.,16,-78,149,1,20150113,SAC,DAL,Regular Season
20600146,236,2031,Stromile Swift,1610612763,Memphis Grizzlies,3,10,38,Jump Shot,2PT Field Goal,Mid-Range,Left Side Center(LC),16-24 ft.,20,-141,145,0,20061120,MEM,ORL,Regular Season
20800149,269,2679,Matt Carroll,1610612766,Charlotte Bobcats,3,9,48,Jump Shot,2PT Field Goal,In The Paint (Non-RA),Center(C),8-16 ft.,12,58,115,1,20081118,CHA,DAL,Regular Season
20700667,318,2045,Hedo Turkoglu,1610612753,Orlando Magic,3,4,3,Running Layup Shot,2PT Field Goal,Restricted Area,Center(C),Less Than 8 ft.,0,0,0,1,20080130,ORL,MIA,Regular Season
20800074,293,200758,Ronnie Brewer,1610612762,Utah Jazz,3,10,37,Driving Reverse Layup Shot,2PT Field Goal,Restricted Area,Center(C),Less Than 8 ft.,0,0,0,0,20081107,UTA,OKC,Regular Season
20201171,190,2124,Malik Allen,1610612748,Miami Heat,2,3,8,Turnaround Hook Shot,2PT Field Goal,In The Paint (Non-RA),Center(C),Less Than 8 ft.,7,72,25,1,20030415,TOR,MIA,Regular Season
20100391,380,949,Shareef Abdur-Rahim,1610612737,Atlanta Hawks,4,7,2,Jump Shot,2PT Field Goal,Mid-Range,Left Side(L),8-16 ft.,15,-134,74,0,20011226,MIL,ATL,Regular Season
40800201,220,2760,Anderson Varejao,1610612739,Cleveland Cavaliers,2,2,28,Jump Shot,2PT Field Goal,In The Paint (Non-RA),Center(C),8-16 ft.,9,14,89,0,20090505,CLE,ATL,Playoffs
20300891,212,84,Latrell Sprewell,1610612750,Minnesota Timberwolves,2,0,10,Dunk Shot,2PT Field Goal,Restricted Area,Center(C),Less Than 8 ft.,0,0,0,1,20040305,MIN,HOU,Regular Season
29700558,493,951,Ray Allen,1610612749,Milwaukee Bucks,4,0,7,Jump Shot,3PT Field Goal,Above the Break 3,Right Side Center(RC),24+ ft.,25,164,199,0,19980120,ATL,MIL,Regular Season
20700013,179,101114,Deron Williams,1610612762,Utah Jazz,2,6,11,Jump Shot,2PT Field Goal,Mid-Range,Left Side(L),16-24 ft.,17,-164,71,0,20071101,UTA,HOU,Regular Season
20400387,336,1712,Antawn Jamison,1610612764,Washington Wizards,4,10,53,Jump Shot,2PT Field Goal,Mid-Range,Left Side(L),16-24 ft.,20,-202,0,1,20041226,MIN,WAS,Regular Season
20401200,100,757,Damon Stoudamire,1610612757,Portland Trail Blazers,1,1,38,Jump Shot,3PT Field Goal,Left Corner 3,Left Side(L),24+ ft.,23,-223,79,0,20050417,POR,UTA,Regular Season
20401026,154,1497,Chauncey Billups,1610612765,Detroit Pistons,2,4,39,Jump Shot,3PT Field Goal,Left Corner 3,Left Side(L),24+ ft.,23,-232,7,0,20050326,DET,BOS,Regular Season
21700219,455,203526,Raul Neto,1610612762,Utah Jazz,3,0,20,Driving Layup Shot,2PT Field Goal,In The Paint (Non-RA),Center(C),Less Than 8 ft.,4,47,5,0,20171117,BKN,UTA,Regular Season
21600041,58,101114,Deron Williams,1610612742,Dallas Mavericks,1,6,14,Jump Shot,2PT Field Goal,In The Paint (Non-RA),Center(C),Less Than 8 ft.,7,9,72,0,20161030,HOU,DAL,Regular Season
20700344,2,2584,Willie Green,1610612755,Philadelphia 76ers,1,11,43,Running Bank shot,2PT Field Goal,In The Paint (Non-RA),Center(C),Less Than 8 ft.,6,62,28,0,20071215,CLE,PHI,Regular Season
20000785,226,1713,Vince Carter,1610612761,Toronto Raptors,2,2,23,Jump Shot,2PT Field Goal,Mid-Range,Right Side Center(RC),16-24 ft.,20,167,125,0,20010223,TOR,SAC,Regular Season
29700694,311,754,Jim Jackson,1610612755,Philadelphia 76ers,3,1,59,Jump Shot,3PT Field Goal,Above the Break 3,Left Side Center(LC),24+ ft.,26,-205,173,1,19980211,PHI,DAL,Regular Season
20800528,161,2436,Flip Murray,1610612737,Atlanta Hawks,2,10,49,Jump Shot,3PT Field Goal,Above the Break 3,Right Side Center(RC),24+ ft.,25,181,186,0,20090109,ORL,ATL,Regular Season
20500148,116,699,Brent Barry,1610612759,San Antonio Spurs,2,11,42,Reverse Layup Shot,2PT Field Goal,Restricted Area,Center(C),Less Than 8 ft.,0,0,0,0,20051121,SAC,SAS,Regular Season
20701056,416,101114,Deron Williams,1610612762,Utah Jazz,4,8,6,Driving Layup Shot,2PT Field Goal,Restricted Area,Center(C),Less Than 8 ft.,0,0,0,0,20080325,UTA,CHA,Regular Season
21500102,57,203086,Meyers Leonard,1610612757,Portland Trail Blazers,1,5,55,Jump Shot,3PT Field Goal,Above the Break 3,Right Side Center(RC),24+ ft.,24,151,190,0,20151109,DEN,POR,Regular Season
20300982,293,1503,Tracy McGrady,1610612753,Orlando Magic,3,4,26,Jump Shot,3PT Field Goal,Above the Break 3,Left Side Center(LC),24+ ft.,25,-123,225,1,20040317,GSW,ORL,Regular Season
21600691,221,203897,Zach LaVine,1610612750,Minnesota Timberwolves,2,1,33,Jump Shot,3PT Field Goal,Above the Break 3,Left Side Center(LC),24+ ft.,24,-184,159,1,20170126,MIN,IND,Regular Season
21800155,277,1628373,Frank Ntilikina,1610612752,New York Knicks,2,7,57,Driving Hook Shot,2PT Field Goal,In The Paint (Non-RA),Center(C),Less Than 8 ft.,4,30,38,0,20181107,ATL,NYK,Regular Season
29700687,127,299,Glenn Robinson,1610612749,Milwaukee Bucks,2,8,58,Layup Shot,2PT Field Goal,Restricted Area,Center(C),Less Than 8 ft.,0,0,0,0,19980210,MIL,ATL,Regular Season
29901019,306,1495,Tim Duncan,1610612759,San Antonio Spurs,3,0,30,Jump Shot,2PT Field Goal,In The Paint (Non-RA),Center(C),Less Than 8 ft.,4,18,40,0,20000328,POR,SAS,Regular Season
21900438,95,203468,CJ McCollum,1610612757,Portland Trail Blazers,1,3,51,Driving Floating Jump Shot,2PT Field Goal,In The Paint (Non-RA),Center(C),Less Than 8 ft.,6,57,26,0,20191221,POR,MIN,Regular Season
21100739,363,1863,Earl Boykins,1610612745,Houston Rockets,4,9,5,Pullup Jump shot,2PT Field Goal,In The Paint (Non-RA),Center(C),8-16 ft.,13,50,123,1,20120327,DAL,HOU,Regular Season
21500697,458,201565,Derrick Rose,1610612741,Chicago Bulls,4,4,38,Pullup Bank shot,2PT Field Goal,Mid-Range,Left Side Center(LC),16-24 ft.,18,-145,115,0,20160128,LAL,CHI,Regular Season
29700531,179,22,Rik Smits,1610612754,Indiana Pacers,2,2,16,Jump Shot,2PT Field Goal,Mid-Range,Left Side(L),8-16 ft.,9,-96,5,0,19980116,IND,SAC,Regular Season
20700126,281,1938,Manu Ginobili,1610612759,San Antonio Spurs,3,0,16,Jump Shot,3PT Field Goal,Above the Break 3,Left Side Center(LC),24+ ft.,26,-195,176,0,20071116,SAS,HOU,Regular Season
20900694,379,200771,Sergio Rodriguez,1610612758,Sacramento Kings,4,10,35,Layup Shot,2PT Field Goal,Restricted Area,Center(C),Less Than 8 ft.,0,0,0,1,20100130,SAC,CHA,Regular Season
20300779,236,2047,Quentin Richardson,1610612746,Los Angeles Clippers,3,10,50,Jump Shot,2PT Field Goal,In The Paint (Non-RA),Center(C),Less Than 8 ft.,4,46,10,0,20040218,POR,LAC,Regular Season
20301177,351,2041,Etan Thomas,1610612764,Washington Wizards,4,10,20,Turnaround Jump Shot,2PT Field Goal,In The Paint (Non-RA),Center(C),Less Than 8 ft.,7,43,56,1,20040414,WAS,NOH,Regular Season
29800407,9,358,Anfernee Hardaway,1610612753,Orlando Magic,1,10,46,Jump Shot,2PT Field Goal,Mid-Range,Left Side(L),8-16 ft.,10,-109,-8,0,19990328,ORL,MIA,Regular Season
29700338,359,361,Clifford Robinson,1610612756,Phoenix Suns,4,7,14,Layup Shot,2PT Field Goal,Restricted Area,Center(C),Less Than 8 ft.,0,0,0,0,19971218,DAL,PHX,Regular Season
20500947,367,2757,Beno Udrih,1610612759,San Antonio Spurs,4,9,9,Jump Shot,2PT Field Goal,In The Paint (Non-RA),Center(C),8-16 ft.,9,0,99,0,20060314,SAS,NOK,Regular Season
20600920,117,101123,Gerald Green,1610612738,Boston Celtics,2,11,39,Jump Shot,2PT Field Goal,Mid-Range,Right Side Center(RC),16-24 ft.,17,75,155,0,20070309,BOS,SEA,Regular Season
21100392,334,1503,Tracy McGrady,1610612737,Atlanta Hawks,4,10,9,Jump Shot,2PT Field Goal,Mid-Range,Left Side Center(LC),16-24 ft.,21,-146,153,1,20120210,ORL,ATL,Regular Season
20900390,15,101106,Andrew Bogut,1610612749,Milwaukee Bucks,1,10,43,Hook Shot,2PT Field Goal,In The Paint (Non-RA),Center(C),Less Than 8 ft.,5,-34,39,0,20091219,MIL,SAC,Regular Season
21400239,130,202330,Gordon Hayward,1610612762,Utah Jazz,2,9,23,Hook Shot,2PT Field Goal,Restricted Area,Center(C),Less Than 8 ft.,3,-2,31,1,20141129,UTA,LAC,Regular Season
20500043,437,2399,Mike Dunleavy,1610612744,Golden State Warriors,4,8,14,Jump Bank Shot,2PT Field Goal,Mid-Range,Left Side(L),8-16 ft.,14,-138,46,1,20051106,NYK,GSW,Regular Season
20601174,465,2575,Luke Walton,1610612747,Los Angeles Lakers,4,3,33,Jump Shot,3PT Field Goal,Right Corner 3,Right Side(R),24+ ft.,22,227,5,0,20070412,LAL,LAC,Regular Season
21200962,257,2744,Al Jefferson,1610612762,Utah Jazz,2,0,27,Jump Shot,2PT Field Goal,Mid-Range,Right Side(R),16-24 ft.,16,151,69,0,20130313,OKC,UTA,Regular Season
20300419,370,467,Jason Kidd,1610612751,New Jersey Nets,4,7,20,Jump Bank Shot,2PT Field Goal,In The Paint (Non-RA),Center(C),8-16 ft.,8,29,79,1,20031227,IND,NJN,Regular Season
40700303,232,1888,Richard Hamilton,1610612765,Detroit Pistons,3,10,1,Jump Shot,2PT Field Goal,Mid-Range,Left Side(L),8-16 ft.,15,-153,23,0,20080524,DET,BOS,Playoffs
29701012,2,297,Alonzo Mourning,1610612748,Miami Heat,1,11,47,Hook Shot,2PT Field Goal,In The Paint (Non-RA),Center(C),Less Than 8 ft.,5,1,59,0,19980327,MIA,MIL,Regular Season
21900107,676,1629598,Chris Clemons,1610612745,Houston Rockets,4,0,41,Jump Shot,3PT Field Goal,Right Corner 3,Right Side(R),24+ ft.,23,230,32,0,20191106,HOU,GSW,Regular Season
20601227,186,1897,Metta World Peace,1610612758,Sacramento Kings,2,3,32,Layup Shot,2PT Field Goal,Restricted Area,Center(C),Less Than 8 ft.,0,0,0,0,20070418,SAC,LAL,Regular Season
20600207,360,1883,Steve Francis,1610612752,New York Knicks,3,1,38,Layup Shot,2PT Field Goal,Restricted Area,Center(C),Less Than 8 ft.,0,0,0,0,20061128,CHI,NYK,Regular Season
29701120,19,686,Antonio McDyess,1610612756,Phoenix Suns,1,9,10,Jump Shot,2PT Field Goal,Mid-Range,Left Side Center(LC),16-24 ft.,18,-119,141,1,19980410,LAL,PHX,Regular Season
21000035,436,201565,Derrick Rose,1610612741,Chicago Bulls,3,0,20,Jump Shot,3PT Field Goal,Above the Break 3,Left Side Center(LC),24+ ft.,24,-209,137,0,20101030,CHI,DET,Regular Season
20200368,221,1517,Bobby Jackson,1610612758,Sacramento Kings,2,1,31,Jump Shot,2PT Field Goal,Mid-Range,Right Side Center(RC),16-24 ft.,20,130,153,1,20021219,SAC,SAS,Regular Season
21300081,191,202333,Xavier Henry,1610612747,Los Angeles Lakers,2,8,29,Layup Shot,2PT Field Goal,Restricted Area,Center(C),Less Than 8 ft.,1,-18,4,0,20131108,NOP,LAL,Regular Season
20700097,119,2753,Delonte West,1610612760,Seattle SuperSonics,1,1,25,Layup Shot,2PT Field Goal,Restricted Area,Center(C),Less Than 8 ft.,0,0,0,0,20071113,ORL,SEA,Regular Season
20700578,423,200768,Kyle Lowry,1610612763,Memphis Grizzlies,4,7,37,Layup Shot,2PT Field Goal,Restricted Area,Center(C),Less Than 8 ft.,0,0,0,0,20080118,MEM,SEA,Regular Season
20200272,172,2042,Courtney Alexander,1610612740,New Orleans Hornets,2,4,56,Jump Shot,3PT Field Goal,Left Corner 3,Left Side(L),24+ ft.,22,-222,7,1,20021206,NOH,HOU,Regular Season
21100689,528,202727,Travis Leslie,1610612746,Los Angeles Clippers,4,1,50,Putback Layup Shot,2PT Field Goal,Restricted Area,Center(C),Less Than 8 ft.,2,16,22,0,20120321,OKC,LAC,Regular Season
21200283,242,203084,Harrison Barnes,1610612744,Golden State Warriors,3,10,54,Layup Shot,2PT Field Goal,Restricted Area,Center(C),Less Than 8 ft.,2,24,0,0,20121208,WAS,GSW,Regular Season
21400859,280,2590,Mo Williams,1610612766,Charlotte Hornets,3,6,39,Jump Shot,3PT Field Goal,Above the Break 3,Right Side Center(RC),24+ ft.,24,138,201,1,20150227,BOS,CHA,Regular Season
20300493,442,2594,Kyle Korver,1610612755,Philadelphia 76ers,4,3,31,Jump Shot,3PT Field Goal,Above the Break 3,Center(C),24+ ft.,25,-44,255,0,20040107,PHI,LAC,Regular Season
20701193,226,2078,Jason Hart,1610612762,Utah Jazz,2,0,43,Jump Shot,2PT Field Goal,Mid-Range,Right Side Center(RC),16-24 ft.,17,67,166,0,20080412,UTA,DEN,Regular Season
29900309,70,954,Kerry Kittles,1610612751,New Jersey Nets,1,5,22,Jump Shot,3PT Field Goal,Above the Break 3,Right Side Center(RC),24+ ft.,25,147,214,0,19991215,NJN,CLE,Regular Season
20900343,191,2210,Richard Jefferson,1610612759,San Antonio Spurs,2,6,0,Layup Shot,2PT Field Goal,Restricted Area,Center(C),Less Than 8 ft.,0,0,0,0,20091213,LAC,SAS,Regular Season
29900431,206,949,Shareef Abdur-Rahim,1610612763,Vancouver Grizzlies,2,2,55,Layup Shot,2PT Field Goal,Restricted Area,Center(C),Less Than 8 ft.,0,0,0,1,20000104,MIA,VAN,Regular Season
29900667,94,714,Michael Finley,1610612742,Dallas Mavericks,1,3,41,Jump Shot,2PT Field Goal,Mid-Range,Right Side(R),16-24 ft.,16,162,5,0,20000205,LAC,DAL,Regular Season
21500983,463,203085,Austin Rivers,1610612746,LA Clippers,4,3,59,Jump Shot,3PT Field Goal,Above the Break 3,Right Side Center(RC),24+ ft.,25,114,224,0,20160313,LAC,CLE,Regular Season
21100620,68,201587,Nicolas Batum,1610612757,Portland Trail Blazers,1,4,50,Jump Shot,3PT Field Goal,Right Corner 3,Right Side(R),24+ ft.,23,234,22,0,20120313,IND,POR,Regular Season
21600521,337,101141,Ersan Ilyasova,1610612755,Philadelphia 76ers,3,7,43,Jump Shot,3PT Field Goal,Above the Break 3,Left Side Center(LC),24+ ft.,25,-184,178,0,20170103,PHI,MIN,Regular Season
21000197,51,201567,Kevin Love,1610612750,Minnesota Timberwolves,1,5,29,Jump Shot,2PT Field Goal,Mid-Range,Left Side Center(LC),16-24 ft.,19,-127,153,1,20101122,OKC,MIN,Regular Season
21201224,58,201569,Eric Gordon,1610612740,New Orleans Hornets,1,5,58,Jump Shot,2PT Field Goal,Mid-Range,Right Side Center(RC),16-24 ft.,21,86,192,0,20130417,DAL,NOH,Regular Season
21700914,511,1626153,Delon Wright,1610612761,Toronto Raptors,4,9,47,Jump Shot,3PT Field Goal,Above the Break 3,Left Side Center(LC),24+ ft.,25,-91,236,0,20180228,ORL,TOR,Regular Season
20000370,128,952,Antoine Walker,1610612738,Boston Celtics,2,10,57,Jump Shot,3PT Field Goal,Right Corner 3,Right Side(R),24+ ft.,23,235,-15,1,20001221,NYK,BOS,Regular Season
20000414,125,951,Ray Allen,1610612749,Milwaukee Bucks,2,11,40,Jump Shot,2PT Field Goal,In The Paint (Non-RA),Center(C),8-16 ft.,15,-77,137,0,20001228,CLE,MIL,Regular Season
20501167,131,923,Donyell Marshall,1610612739,Cleveland Cavaliers,2,9,23,Jump Shot,3PT Field Goal,Above the Break 3,Left Side Center(LC),24+ ft.,25,-105,232,0,20060412,DET,CLE,Regular Season
21600208,162,201943,Brandon Jennings,1610612752,New York Knicks,2,8,6,Step Back Jump shot,3PT Field Goal,Above the Break 3,Center(C),24+ ft.,24,45,242,0,20161122,NYK,POR,Regular Season
20600590,295,101132,Linas Kleiza,1610612743,Denver Nuggets,3,7,6,Jump Shot,3PT Field Goal,Above the Break 3,Left Side Center(LC),24+ ft.,26,-215,150,1,20070119,DEN,CLE,Regular Season
20201094,43,1729,Ricky Davis,1610612739,Cleveland Cavaliers,1,5,58,Jump Shot,2PT Field Goal,Mid-Range,Left Side(L),8-16 ft.,15,-158,-5,0,20030404,MIL,CLE,Regular Season
20601035,231,1894,Corey Maggette,1610612746,Los Angeles Clippers,3,10,58,Driving Layup Shot,2PT Field Goal,Restricted Area,Center(C),Less Than 8 ft.,0,0,0,1,20070324,LAC,WAS,Regular Season
21600847,215,202691,Klay Thompson,1610612744,Golden State Warriors,2,1,20,Jump Shot,2PT Field Goal,Mid-Range,Right Side Center(RC),16-24 ft.,18,123,144,0,20170215,GSW,SAC,Regular Season
21800781,40,202711,Bojan Bogdanovic,1610612754,Indiana Pacers,1,8,29,Jump Shot,3PT Field Goal,Above the Break 3,Left Side Center(LC),24+ ft.,25,-191,168,0,20190202,MIA,IND,Regular Season
20700712,469,1712,Antawn Jamison,1610612764,Washington Wizards,4,0,17,Jump Shot,2PT Field Goal,Mid-Range,Right Side(R),16-24 ft.,16,163,-28,0,20080206,WAS,SAS,Regular Season
20400909,438,2072,Michael Redd,1610612749,Milwaukee Bucks,4,2,41,Layup Shot,2PT Field Goal,Restricted Area,Center(C),Less Than 8 ft.,0,0,0,1,20050311,MIL,DAL,Regular Season
20500256,125,1719,Bonzi Wells,1610612758,Sacramento Kings,2,11,10,Layup Shot,2PT Field Goal,Restricted Area,Center(C),Less Than 8 ft.,0,0,0,1,20051206,SAC,CLE,Regular Season
21700452,34,203076,Anthony Davis,1610612740,New Orleans Pelicans,1,9,2,Layup Shot,2PT Field Goal,In The Paint (Non-RA),Center(C),Less Than 8 ft.,6,38,52,0,20171219,WAS,NOP,Regular Season
20200320,128,1742,Shammond Williams,1610612738,Boston Celtics,1,0,25,Jump Shot,3PT Field Goal,Above the Break 3,Left Side Center(LC),24+ ft.,26,-184,189,1,20021213,BOS,CLE,Regular Season
29700431,75,893,Michael Jordan,1610612741,Chicago Bulls,1,2,49,Jump Shot,2PT Field Goal,Mid-Range,Right Side Center(RC),16-24 ft.,16,100,130,1,19980102,CHI,MIL,Regular Season
21300485,14,202391,Jeremy Lin,1610612745,Houston Rockets,1,10,4,Layup Shot,2PT Field Goal,Restricted Area,Center(C),Less Than 8 ft.,1,9,12,1,20140103,HOU,NYK,Regular Season
20800120,378,200797,Ryan Hollins,1610612766,Charlotte Bobcats,4,9,56,Tip Shot,2PT Field Goal,Restricted Area,Center(C),Less Than 8 ft.,0,0,0,1,20081114,CHA,UTA,Regular Season
20100594,96,1495,Tim Duncan,1610612759,San Antonio Spurs,1,0,2,Layup Shot,2PT Field Goal,Restricted Area,Center(C),Less Than 8 ft.,0,0,0,0,20020123,UTA,SAS,Regular Season
21000293,144,202326,DeMarcus Cousins,1610612758,Sacramento Kings,2,7,17,Layup Shot,2PT Field Goal,Restricted Area,Center(C),Less Than 8 ft.,2,18,20,1,20101204,SAC,DAL,Regular Season
21500470,6,203145,Kent Bazemore,1610612737,Atlanta Hawks,1,11,3,Cutting Layup Shot,2PT Field Goal,Restricted Area,Center(C),Less Than 8 ft.,1,-16,3,0,20151229,HOU,ATL,Regular Season
